"","province","date","total_imports","usa_imports","non_usa_imports","pct_usa","pct_non_usa","us_food_cpi","us_core_cpi","usd_cad","food_cpi","nfne_cpi","energy_cpi","log_usa_imports"
"1","Alberta",2017-01-01,125218,68782,56436,54.9298024245715,45.0701975754285,237.072,250.467,1.3193,139.9,134.1,159.5,11.1387119003657
"2","Alberta",2017-02-01,115650,61975,53675,53.5884133160398,46.4115866839602,237.824,250.998,1.3107,140.6,134.7,146.1,11.0345024923117
"3","Alberta",2017-03-01,157190,99761,57429,63.4652331573255,36.5347668426745,238.387,250.944,1.3386,141.2,135,141.8,11.5105426282684
"4","Alberta",2017-04-01,146623,91370,55253,62.3162805289757,37.6837194710243,238.568,251.227,1.344,140.4,134.9,154.1,11.4226834204441
"5","Alberta",2017-05-01,161052,110778,50274,68.7839952313538,31.2160047686462,238.893,251.43,1.3607,142,135.1,145.4,11.6152925046462
"6","Alberta",2017-06-01,156125,114227,41898,73.1638110488391,26.8361889511609,238.494,251.746,1.3298,142.3,134.9,142,11.6459517300393
"7","Alberta",2017-07-01,126772,96944,29828,76.4711450478024,23.5288549521976,238.904,251.985,1.2689,142.8,134.6,145.8,11.4818990863651
"8","Alberta",2017-08-01,110355,81252,29103,73.6278374337366,26.3721625662634,238.804,252.535,1.2605,143.1,134.6,150.7,11.3053230225873
"9","Alberta",2017-09-01,114708,87430,27278,76.219618509607,23.780381490393,238.852,252.812,1.2283,142.1,134.5,147.9,11.3786051898311
"10","Alberta",2017-10-01,152731,116575,36156,76.3270063052033,23.6729936947967,239.02,253.526,1.2605,141.3,135.4,149.4,11.6662986998083
"11","Alberta",2017-11-01,162601,117120,45481,72.0290773119477,27.9709226880523,238.94,253.816,1.2769,142.6,135.4,159.4,11.6709628674101
"12","Alberta",2017-12-01,136496,87287,49209,63.9483940921346,36.0516059078654,239.371,254.344,1.2771,142.2,134.7,156.2,11.3769682753349
"13","Alberta",2018-01-01,132551,73210,59341,55.2315712442758,44.7684287557242,239.854,255.204,1.2427,143.7,135.4,164.3,11.2011009618836
"14","Alberta",2018-02-01,118298,70255,48043,59.388155336523,40.611844663477,239.187,255.711,1.2586,143,136.6,164,11.1599009928015
"15","Alberta",2018-03-01,146629,89999,56630,61.3787177161407,38.6212822838593,239.149,256.271,1.2932,143.1,136.7,164.5,11.4075649493124
"16","Alberta",2018-04-01,149880,91729,58151,61.2016279690419,38.7983720309581,239.541,256.63,1.2733,142.7,136.6,178.9,11.4266047585037
"17","Alberta",2018-05-01,156452,110021,46431,70.3225270370465,29.6774729629535,238.884,257.145,1.2873,143,137,175.4,11.6084356247772
"18","Alberta",2018-06-01,155506,113256,42250,72.8306303293764,27.1693696706236,239.048,257.399,1.3129,143.2,137.2,172,11.6374148515896
"19","Alberta",2018-07-01,127297,98583,28714,77.4433018845692,22.5566981154308,239.565,257.699,1.313,144,137.7,183.2,11.498664255618
"20","Alberta",2018-08-01,111795,86371,25424,77.2583747036987,22.7416252963013,239.795,257.891,1.3041,144.5,137.6,179.6,11.3664188281947
"21","Alberta",2018-09-01,127724,101635,26089,79.573925025837,20.426074974163,239.967,258.368,1.3037,144.4,136.9,180,11.5291530820749
"22","Alberta",2018-10-01,158325,123367,34958,77.9201010579504,22.0798989420496,239.558,258.917,1.301,144.5,137.6,175.3,11.7229270375375
"23","Alberta",2018-11-01,157032,114205,42827,72.7272148351928,27.2727851648072,240.227,259.439,1.32,145.3,137.1,168.3,11.6457591142285
"24","Alberta",2018-12-01,150233,95305,54928,63.4381261107746,36.5618738892254,241.137,260.063,1.3432,145.6,137.5,159.6,11.4648480467371
"25","Alberta",2019-01-01,159134,98154,60980,61.6800935061018,38.3199064938982,241.581,260.766,1.3301,146.8,137.4,157.7,11.4943031408421
"26","Alberta",2019-02-01,124274,68343,55931,54.9938040137116,45.0061959862884,242.111,261.186,1.3206,147.8,138.5,164.2,11.1323090548315
"27","Alberta",2019-03-01,178908,108216,70692,60.4869541887451,39.5130458112549,242.482,261.567,1.3368,148.2,138.9,176.1,11.591893749504
"28","Alberta",2019-04-01,167329,99957,67372,59.7368059332214,40.2631940667786,241.219,261.997,1.3378,147.6,139.2,183,11.5125053767455
"29","Alberta",2019-05-01,167149,115893,51256,69.3351440929949,30.6648559070051,241.642,262.217,1.3459,148.3,139.7,180.6,11.6604312592216
"30","Alberta",2019-06-01,161742,117929,43813,72.9117978014369,27.0882021985631,241.214,262.739,1.3287,149.5,139.7,157.6,11.677846507084
"31","Alberta",2019-07-01,144708,114223,30485,78.9334383724466,21.0665616275534,240.988,263.28,1.3101,150.8,140.1,162.4,11.6459167117422
"32","Alberta",2019-08-01,132950,104496,28454,78.5979691613389,21.4020308386612,240.943,263.877,1.3277,150.1,140.2,160.6,11.5569136418409
"33","Alberta",2019-09-01,140066,109430,30636,78.1274542001628,21.8725457998372,241.409,264.388,1.3241,150,139.6,160.4,11.6030494926326
"34","Alberta",2019-10-01,165485,125721,39764,75.9712360636916,24.0287639363084,241.999,264.97,1.319,150.3,140.4,160.8,11.7418283991528
"35","Alberta",2019-11-01,153375,108934,44441,71.0246128769356,28.9753871230644,242.726,265.548,1.3239,150.6,140.2,162,11.5985066530604
"36","Alberta",2019-12-01,146344,90207,56137,61.6403815667195,38.3596184332805,242.887,266.02,1.3172,150.7,139.8,167.4,11.4098733939138
"37","Alberta",2020-01-01,155455,89106,66349,57.3194815219839,42.6805184780161,243.511,266.716,1.3087,153.6,140.4,168.6,11.3975931737849
"38","Alberta",2020-02-01,137784,79836,57948,57.9428670963247,42.0571329036753,244.2,267.37,1.3286,152.7,141.7,167.6,11.2877423351291
"39","Alberta",2020-03-01,180780,105065,75715,58.1176015045912,41.8823984954088,245.017,267.054,1.3953,153.3,141.5,145.9,11.5623440031
"40","Alberta",2020-04-01,132909,79572,53337,59.8695347944834,40.1304652055166,251.063,265.746,1.4058,153,141,135.5,11.2844301183126
"41","Alberta",2020-05-01,166135,107922,58213,64.9604237517681,35.0395762482319,253.23,265.412,1.397,154.1,140.9,152.4,11.5891732888644
"42","Alberta",2020-06-01,145603,97888,47715,67.2293840099449,32.7706159900551,254.674,265.849,1.355,154,141.6,158.1,11.4915894626552
"43","Alberta",2020-07-01,138431,98982,39449,71.5027703332346,28.4972296667654,252.003,267.389,1.3499,153.6,141.3,161.5,11.5027033971999
"44","Alberta",2020-08-01,124751,96224,28527,77.1328486344799,22.8671513655201,252.148,268.422,1.3222,152.4,140.8,160.1,11.4744444781519
"45","Alberta",2020-09-01,129896,102214,27682,78.6891051302581,21.3108948697419,251.166,268.933,1.3228,152.4,140.8,171.8,11.5348337170191
"46","Alberta",2020-10-01,146931,107149,39782,72.9247061545896,27.0752938454104,251.641,269.306,1.3215,152.7,141.7,164.1,11.5819850009017
"47","Alberta",2020-11-01,148271,100402,47869,67.7151971727445,32.2848028272555,251.365,269.981,1.3068,153.7,141.6,165.8,11.5169473662714
"48","Alberta",2020-12-01,136754,85857,50897,62.7820758442166,37.2179241557834,252.536,270.341,1.2808,152.5,140.9,167.5,11.3604500477733
"49","Alberta",2021-01-01,156218,94761,61457,60.6594630580343,39.3405369419657,252.541,270.387,1.2724,154.1,141.3,174,11.4591237640019
"50","Alberta",2021-02-01,154328,93930,60398,60.8638743455497,39.1361256544503,252.822,270.793,1.2699,155,141.2,183,11.4503157491578
"51","Alberta",2021-03-01,196394,125523,70871,63.9138670224141,36.0861329775859,252.933,271.459,1.2574,155.9,141.3,187.7,11.7402522543306
"52","Alberta",2021-04-01,189816,124830,64986,65.7636869389303,34.2363130610697,254.125,273.66,1.2496,155.5,142.1,190.9,11.7347161015078
"53","Alberta",2021-05-01,181764,125337,56427,68.9558988578596,31.0441011421404,255.043,275.465,1.2126,157.4,142.8,193.1,11.7387693670533
"54","Alberta",2021-06-01,172510,130106,42404,75.4193959770448,24.5806040229552,257.058,277.651,1.2219,157.4,143,194,11.7761124678187
"55","Alberta",2021-07-01,162359,130177,32182,80.1784933388355,19.8215066611645,258.491,278.648,1.2529,157.3,143.8,209.5,11.7766580236653
"56","Alberta",2021-08-01,150708,118405,32303,78.565835921119,21.434164078881,259.613,278.997,1.2603,157.7,144.3,214.4,11.6818746758237
"57","Alberta",2021-09-01,155749,122934,32815,78.9308438577455,21.0691561422545,262.459,279.698,1.2671,158.7,144.2,209.2,11.7194110393883
"58","Alberta",2021-10-01,183195,139362,43833,76.0730369278637,23.9269630721362,265.084,281.668,1.2437,158.8,144.4,217.7,11.8448373188351
"59","Alberta",2021-11-01,206745,160605,46140,77.6826525429877,22.3173474570123,267.473,283.406,1.257,159.8,144.1,222.2,11.9867094396973
"60","Alberta",2021-12-01,234129,179663,54466,76.7367562326751,23.2632437673249,268.985,285.18,1.2794,160.5,144.1,222.7,12.0988437188123
"61","Alberta",2022-01-01,226844,166847,59997,73.5514274126713,26.4485725873287,271.176,286.757,1.2616,162.9,144.5,229.7,12.0248384972932
"62","Alberta",2022-02-01,203124,149857,53267,73.7761170516532,26.2238829483468,274.728,288.273,1.2716,164.6,145.6,240.3,11.9174434580398
"63","Alberta",2022-03-01,260036,185051,74985,71.1636081157993,28.8363918842007,278.333,289.056,1.2658,166.5,147.4,245.3,12.1283921456457
"64","Alberta",2022-04-01,228408,159183,69225,69.6923925606809,30.3076074393191,281.593,290.514,1.2628,167.5,148.2,239.5,11.9778160448291
"65","Alberta",2022-05-01,273233,210946,62287,77.2037052625415,22.7962947374585,285.522,292.063,1.2852,168.8,149.8,254.3,12.2593621960719
"66","Alberta",2022-06-01,218897,172401,46496,78.7589596933718,21.2410403066282,288.568,294.05,1.2814,169.3,150.5,284.2,12.0575842380725
"67","Alberta",2022-07-01,195834,159399,36435,81.394956953338,18.605043046662,292.455,295.088,1.2942,170.5,151.3,268.4,11.9791720453383
"68","Alberta",2022-08-01,180477,144967,35510,80.3243626611701,19.6756373388299,294.884,296.535,1.2922,172.6,151.4,233.4,11.884268307392
"69","Alberta",2022-09-01,164997,130005,34992,78.7923416789396,21.2076583210604,296.403,298.226,1.3319,174.1,151.8,223.6,11.7753358822188
"70","Alberta",2022-10-01,207937,158051,49886,76.0090796731702,23.9909203268298,297.966,299.399,1.37,175.1,152.3,247.3,11.970679371787
"71","Alberta",2022-11-01,189806,138007,51799,72.7095033876695,27.2904966123305,299.449,300.325,1.3449,176.7,152.5,234.2,11.8350669334736
"72","Alberta",2022-12-01,199239,138915,60324,69.7227952358725,30.2772047641275,300.576,301.394,1.3592,176.6,152.3,223,11.8416247128932
"73","Alberta",2023-01-01,184291,122405,61886,66.4194127765328,33.5805872234672,301.676,302.642,1.3422,180,152.5,202.4,11.7150986674668
"74","Alberta",2023-02-01,183819,121603,62216,66.1536620262323,33.8463379737677,302.444,304.123,1.345,180.5,152.6,190.3,11.70852514271
"75","Alberta",2023-03-01,193158,115648,77510,59.8722289524638,40.1277710475362,301.467,305.147,1.3682,180.5,153.7,205.9,11.6583150208431
"76","Alberta",2023-04-01,200691,125503,75188,62.5354400546113,37.4645599453887,301.811,306.534,1.3485,181.1,154.5,230.2,11.740092909556
"77","Alberta",2023-05-01,207076,138268,68808,66.771620081516,33.228379918484,302.184,307.652,1.352,182.8,154.7,231,11.8369563421297
"78","Alberta",2023-06-01,212286,158730,53556,74.771770159125,25.228229840875,302.057,308.322,1.3288,182.7,154.8,235.7,11.9749662245527
"79","Alberta",2023-07-01,184740,146799,37941,79.462487820721,20.537512179279,302.984,308.96,1.3215,183.5,155.9,247.8,11.8968263951626
"80","Alberta",2023-08-01,156781,124032,32749,79.1116270466447,20.8883729533553,303.631,309.58,1.3485,183.3,155.8,264.4,11.7283029382134
"81","Alberta",2023-09-01,207478,171578,35900,82.6969606416102,17.3030393583898,303.449,310.539,1.3535,183.6,155.6,251.7,12.0527990809249
"82","Alberta",2023-10-01,223641,182382,41259,81.5512361329094,18.4487638670906,304.366,311.457,1.3717,183.4,155.8,233.4,12.1138641505244
"83","Alberta",2023-11-01,217877,164545,53332,75.5219688172685,24.4780311827315,304.332,312.392,1.3709,184.8,156.3,227.5,12.0109454453553
"84","Alberta",2023-12-01,203476,140490,62986,69.0449979358745,30.9550020641255,304.505,313.195,1.3431,185.6,156.8,219,11.8528987087647
"85","Alberta",2024-01-01,196689,125851,70838,63.9847678314497,36.0152321685503,305.187,314.319,1.3425,187.4,156.8,218.2,11.742861892372
"86","Alberta",2024-02-01,196191,119404,76787,60.8610996426951,39.1389003573049,305.432,315.564,1.3501,187.6,157.1,232.7,11.6902763551108
"87","Alberta",2024-03-01,246799,165005,81794,66.8580504783245,33.1419495216755,305.01,316.792,1.3539,187.3,157.6,233.7,12.0137371158579
"88","Alberta",2024-04-01,204045,131768,72277,64.5779117351565,35.4220882648435,305.354,317.649,1.3674,186.8,158.5,246.5,11.7888056685297
"89","Alberta",2024-05-01,233095,161129,71966,69.1258928762951,30.8741071237049,305.414,318.095,1.367,187.8,159.4,238.5,11.9899667715676
"90","Alberta",2024-06-01,195318,139304,56014,71.3216395826293,28.6783604173706,305.582,318.39,1.3707,189.3,159.7,235,11.8444210528782
"91","Alberta",2024-07-01,181845,138245,43600,76.0235365283621,23.9764634716379,306.285,318.94,1.3712,189.9,160.5,240.3,11.8367899858738
"92","Alberta",2024-08-01,194724,154005,40719,79.0888642386146,20.9111357613853,306.399,319.75,1.3652,189.7,160.4,239.7,11.9447468416758
"93","Alberta",2024-09-01,193124,146225,46899,75.7156024108863,24.2843975891137,307.258,320.732,1.3546,189.5,160.1,224.8,11.8929086490637
"94","Alberta",2024-10-01,228415,177054,51361,77.5141737626688,22.4858262373312,307.867,321.731,1.3755,190.3,160.9,227.5,12.0842156977513
"95","Alberta",2024-11-01,222909,165497,57412,74.244198305138,25.755801694862,309.093,322.657,1.3975,190.5,161,226.6,12.0167143891341
"96","Alberta",2024-12-01,223334,147868,75466,66.2093545989415,33.7906454010585,309.767,323.259,1.424,188.8,160.8,226.7,11.9040820256477
"97","Alberta",2025-01-01,241973,165057,76916,68.2129824401896,31.7870175598104,310.817,324.638,1.439,188.4,160.9,232.6,12.0140522062673
"98","Alberta",2025-02-01,221322,143246,78076,64.7228924372634,35.2771075627366,310.955,325.465,1.4301,191.5,161.9,234.6,11.8723256919493
"99","Alberta",2025-03-01,207503,115573,91930,55.697026067093,44.302973932907,312.154,325.69,1.4359,192.9,162.4,233.5,11.6576662964288
"100","Alberta",2025-04-01,185936,102943,82993,55.3647491610016,44.6352508389984,311.44,326.467,1.3988,193.3,163.1,204.7,11.5419404300388
"101","Alberta",2025-05-01,233020,151044,81976,64.8201871084027,35.1798128915973,312.296,326.893,1.386,194,163.8,205.9,11.925333084645
"102","Alberta",2025-06-01,214441,145351,69090,67.7813477833064,32.2186522166936,312.982,327.658,1.3674,194.1,164.3,205,11.8869136657823
"103","Alberta",2025-07-01,191585,141789,49796,74.0084035806561,25.9915964193439,313.035,328.682,1.3691,195.3,164.7,201.9,11.8621023687316
"104","Alberta",2025-08-01,204119,158833,45286,77.8139222708322,22.1860777291678,314.647,329.7,1.3802,195.3,164.6,203.9,11.9756149106712
"105","Alberta",2025-09-01,278828,234471,44357,84.0916263789863,15.9083736210137,315.54,330.418,1.3833,196.5,164.2,202.8,12.3650914567543
"106","Alberta",2025-10-01,351295,296967,54328,84.5349350261177,15.4650649738824,NA,NA,1.3992,195.7,165.5,198.2,12.6013796678723
"107","Alberta",2025-11-01,280735,208033,72702,74.1029796783444,25.8970203216557,315,331.043,1.4055,198.6,165,202.2,12.2454568068635
"108","Alberta",2025-12-01,253914,178278,75636,70.2119615302819,29.7880384697181,316.982,331.814,1.3802,198.1,165.5,194.3,12.0911050178906
"109","British Columbia",2017-01-01,278336,138652,139684,49.8146125546103,50.1853874453897,237.072,250.467,1.3193,136.1,117.7,156.4,11.8397296880259
"110","British Columbia",2017-02-01,251015,126249,124766,50.2954006732665,49.7045993267335,237.824,250.998,1.3107,136.6,118,153.2,11.7460193471376
"111","British Columbia",2017-03-01,316172,159094,157078,50.3188138102046,49.6811861897954,238.387,250.944,1.3386,136.6,118.5,157.3,11.9772567870564
"112","British Columbia",2017-04-01,298470,167116,131354,55.9908868563005,44.0091131436995,238.568,251.227,1.344,137.1,118.4,162,12.0264494448965
"113","British Columbia",2017-05-01,307160,172306,134854,56.0964969397057,43.9035030602943,238.893,251.43,1.3607,138.1,119.1,159.3,12.0570330485045
"114","British Columbia",2017-06-01,306984,180950,126034,58.9444401011128,41.0555598988872,238.494,251.746,1.3298,138.5,119.3,156.8,12.1059815553651
"115","British Columbia",2017-07-01,306496,182745,123751,59.6239428899561,40.3760571100439,238.904,251.985,1.2689,139,119.8,156.4,12.1158524895476
"116","British Columbia",2017-08-01,298962,188053,110909,62.9019741639406,37.0980258360594,238.804,252.535,1.2605,138.7,120,160.4,12.1444844346108
"117","British Columbia",2017-09-01,276810,165021,111789,59.6152595643221,40.3847404356779,238.852,252.812,1.2283,138,119.7,161.8,12.013834077328
"118","British Columbia",2017-10-01,289124,165090,124034,57.1000677909824,42.8999322090176,239.02,253.526,1.2605,137.5,119.9,160.6,12.0142521160056
"119","British Columbia",2017-11-01,308583,163780,144803,53.0748615445439,46.9251384554561,238.94,253.816,1.2769,137.8,119.8,166.5,12.0062854485572
"120","British Columbia",2017-12-01,292371,156908,135463,53.6674293962123,46.3325706037877,239.371,254.344,1.2771,138.3,119.2,162,11.9634212984527
"121","British Columbia",2018-01-01,308002,145598,162404,47.2717709625262,52.7282290374738,239.854,255.204,1.2427,139.2,120,162.4,11.8886115465893
"122","British Columbia",2018-02-01,263409,143145,120264,54.3432456749769,45.6567543250231,239.187,255.711,1.2586,139.3,121,163.6,11.8716203674184
"123","British Columbia",2018-03-01,316854,170376,146478,53.7711374955027,46.2288625044973,239.149,256.271,1.2932,138.6,121.4,168.4,12.0457689077414
"124","British Columbia",2018-04-01,316063,159265,156798,50.3902702942135,49.6097297057865,239.541,256.63,1.2733,139.5,121.3,174.1,11.9783310393452
"125","British Columbia",2018-05-01,312023,175809,136214,56.3448848322079,43.6551151677921,238.884,257.145,1.2873,139.4,121.9,178.3,12.0771591454368
"126","British Columbia",2018-06-01,331439,195124,136315,58.871768259016,41.128231740984,239.048,257.399,1.3129,139.9,122.2,175.8,12.1813956578177
"127","British Columbia",2018-07-01,310487,190351,120136,61.3072366959003,38.6927633040997,239.565,257.699,1.313,140.4,123.4,177,12.1566302687163
"128","British Columbia",2018-08-01,301331,188318,113013,62.4953954289469,37.5046045710531,239.795,257.891,1.3041,141.3,123.3,173.5,12.1458926123696
"129","British Columbia",2018-09-01,292034,166762,125272,57.103624920386,42.896375079614,239.967,258.368,1.3037,140.4,122.6,173.5,12.0243289217586
"130","British Columbia",2018-10-01,302750,173518,129232,57.3139554087531,42.6860445912469,239.558,258.917,1.301,140.1,123.2,175.4,12.0640423824597
"131","British Columbia",2018-11-01,309071,166415,142656,53.8436152210981,46.1563847789019,240.227,259.439,1.32,140.9,122.8,168,12.0222459565929
"132","British Columbia",2018-12-01,311576,159830,151746,51.2972757850412,48.7027242149588,241.137,260.063,1.3432,142.1,123,164,11.9818722859908
"133","British Columbia",2019-01-01,335380,164612,170768,49.0822350766295,50.9177649233705,241.581,260.766,1.3301,143.4,123,161.7,12.0113525434503
"134","British Columbia",2019-02-01,273452,143463,129989,52.4636864970818,47.5363135029182,242.111,261.186,1.3206,143.4,123.8,163.1,11.8738394116283
"135","British Columbia",2019-03-01,344318,180561,163757,52.440186107029,47.559813892971,242.482,261.567,1.3368,144.5,124.2,171.5,12.1038294880805
"136","British Columbia",2019-04-01,339913,167174,172739,49.1814081838588,50.8185918161412,241.219,261.997,1.3378,144,124.2,183.9,12.0267964469222
"137","British Columbia",2019-05-01,321002,179577,141425,55.9426421019184,44.0573578980816,241.642,262.217,1.3459,144.1,124.9,185.9,12.0983649329151
"138","British Columbia",2019-06-01,319327,189043,130284,59.2004434325942,40.7995565674058,241.214,262.739,1.3287,145,125.4,176.2,12.1497350711799
"139","British Columbia",2019-07-01,322879,188497,134382,58.3800742693083,41.6199257306917,240.988,263.28,1.3101,146.8,125.7,175.1,12.1468426757343
"140","British Columbia",2019-08-01,312265,190631,121634,61.0478279666309,38.9521720333691,240.943,263.877,1.3277,146.9,125.6,171.8,12.1581001469811
"141","British Columbia",2019-09-01,308705,176157,132548,57.0632156913558,42.9367843086442,241.409,264.388,1.3241,146.9,125.2,174.3,12.0791365985769
"142","British Columbia",2019-10-01,311528,179586,131942,57.6468246834955,42.3531753165045,241.999,264.97,1.319,146.5,125.3,177.3,12.098415049157
"143","British Columbia",2019-11-01,313376,168046,145330,53.624400081691,46.375599918309,242.726,265.548,1.3239,147.6,125.1,169.6,12.0319989811641
"144","British Columbia",2019-12-01,314324,159606,154718,50.7775416449269,49.2224583550731,242.887,266.02,1.3172,147.5,125.1,167.6,11.9804698226852
"145","British Columbia",2020-01-01,332774,161624,171150,48.5686982757066,51.4313017242934,243.511,266.716,1.3087,149.5,125.1,170.3,11.9930341160742
"146","British Columbia",2020-02-01,279665,149900,129765,53.5998426689074,46.4001573310926,244.2,267.37,1.3286,148.7,126.1,171.7,11.9177303551825
"147","British Columbia",2020-03-01,374385,192895,181490,51.5231646567037,48.4768353432963,245.017,267.054,1.3953,148.7,126.2,157.2,12.1699064625461
"148","British Columbia",2020-04-01,320495,161298,159197,50.3277742242469,49.6722257757531,251.063,265.746,1.4058,148.8,125.7,140,11.9910150644661
"149","British Columbia",2020-05-01,332032,179023,153009,53.9173935042406,46.0826064957594,253.23,265.412,1.397,149.7,125.5,149.4,12.0952751540475
"150","British Columbia",2020-06-01,351530,195833,155697,55.7087588541519,44.2912411458481,254.674,265.849,1.355,150.3,126.2,159.1,12.1850226405819
"151","British Columbia",2020-07-01,340987,205511,135476,60.2694530876544,39.7305469123456,252.003,267.389,1.3499,150.6,125.9,162.2,12.2332597053741
"152","British Columbia",2020-08-01,305559,182388,123171,59.6899453133437,40.3100546866563,252.148,268.422,1.3222,149.4,125.9,163.1,12.1138970477863
"153","British Columbia",2020-09-01,280922,165803,115119,59.021009390507,40.978990609493,251.166,268.933,1.3228,149,126.1,161.1,12.0185616468447
"154","British Columbia",2020-10-01,334728,192184,142544,57.4149757414976,42.5850242585024,251.641,269.306,1.3215,149.4,126.6,160.1,12.1662137287683
"155","British Columbia",2020-11-01,344800,168453,176347,48.8552784222738,51.1447215777262,251.365,269.981,1.3068,150,127,159.3,12.0344179944714
"156","British Columbia",2020-12-01,319139,164770,154369,51.6295407330348,48.3704592669652,252.536,270.341,1.2808,150.4,126.3,160.4,12.012311910099
"157","British Columbia",2021-01-01,325759,166270,159489,51.0408001006879,48.9591998993121,252.541,270.387,1.2724,150.7,126.8,168,12.0213742663304
"158","British Columbia",2021-02-01,298166,149042,149124,49.9862492705406,50.0137507294594,252.822,270.793,1.2699,151.1,127,173.8,11.9119901338974
"159","British Columbia",2021-03-01,360496,183110,177386,50.7939061737162,49.2060938262838,252.933,271.459,1.2574,151,127.8,180.2,12.117847805319
"160","British Columbia",2021-04-01,342430,173762,168668,50.7438016528926,49.2561983471074,254.125,273.66,1.2496,150.8,128,182.5,12.065447580772
"161","British Columbia",2021-05-01,330032,185045,144987,56.0688054491686,43.9311945508314,255.043,275.465,1.2126,152.2,127.5,185.7,12.1283597218012
"162","British Columbia",2021-06-01,335681,192994,142687,57.4932748651249,42.5067251348751,257.058,277.651,1.2219,152.8,128.1,187.9,12.1704195608157
"163","British Columbia",2021-07-01,346549,220954,125595,63.7583718319776,36.2416281680224,258.491,278.648,1.2529,152.9,128.8,194.7,12.305714339857
"164","British Columbia",2021-08-01,347197,209129,138068,60.2335273634277,39.7664726365723,259.613,278.997,1.2603,153.2,129.2,193.2,12.2507113471486
"165","British Columbia",2021-09-01,352139,203531,148608,57.798482985412,42.201517014588,262.459,279.698,1.2671,154.2,129.4,188.6,12.2235785196598
"166","British Columbia",2021-10-01,381196,209008,172188,54.829536511401,45.170463488599,265.084,281.668,1.2437,154.9,130,194.3,12.2501325922208
"167","British Columbia",2021-11-01,339695,182656,157039,53.770588321877,46.229411678123,267.473,283.406,1.257,156.3,130,192.9,12.1153653561537
"168","British Columbia",2021-12-01,362485,186860,175625,51.5497192987296,48.4502807012704,268.985,285.18,1.2794,156.6,130,189.8,12.1381203039328
"169","British Columbia",2022-01-01,363114,186151,176963,51.2651674129888,48.7348325870112,271.176,286.757,1.2616,158.3,130.9,200.6,12.1343188232668
"170","British Columbia",2022-02-01,393769,197314,196455,50.1090741018211,49.8909258981789,274.728,288.273,1.2716,159.8,131.6,205.4,12.1925567154767
"171","British Columbia",2022-03-01,410787,207075,203712,50.4093362253431,49.5906637746569,278.333,289.056,1.2658,162,133.5,224.3,12.240841154623
"172","British Columbia",2022-04-01,391149,208399,182750,53.278673855743,46.721326144257,281.593,290.514,1.2628,163,134.8,224.1,12.2472145888613
"173","British Columbia",2022-05-01,397579,212270,185309,53.3906468903036,46.6093531096964,285.522,292.063,1.2852,164,136.2,239.7,12.2656190392087
"174","British Columbia",2022-06-01,384304,220523,163781,57.3824368208502,42.6175631791498,288.568,294.05,1.2814,163.6,136.4,247,12.3037618114834
"175","British Columbia",2022-07-01,383730,243279,140451,63.3984833085763,36.6015166914237,292.455,295.088,1.2942,166.8,137.7,234.5,12.4019683223512
"176","British Columbia",2022-08-01,411791,249513,162278,60.5921450444522,39.4078549555478,294.884,296.535,1.2922,167.6,137.4,222.5,12.4272703048239
"177","British Columbia",2022-09-01,381277,221938,159339,58.2091235505945,41.7908764494056,296.403,298.226,1.3319,168.4,138,227.8,12.3101578483221
"178","British Columbia",2022-10-01,401015,216135,184880,53.8969863970176,46.1030136029824,297.966,299.399,1.37,169,138.5,235.5,12.2836631181624
"179","British Columbia",2022-11-01,415497,210193,205304,50.5883315643675,49.4116684356325,299.449,300.325,1.3449,170.4,138.4,218.6,12.255786192774
"180","British Columbia",2022-12-01,350870,184295,166575,52.5251517656112,47.4748482343888,300.576,301.394,1.3592,171.5,137.8,200.9,12.1242984396785
"181","British Columbia",2023-01-01,351368,185170,166198,52.6997336126227,47.3002663873773,301.676,302.642,1.3422,174.4,138.2,209.3,12.1290350014601
"182","British Columbia",2023-02-01,343540,161931,181609,47.1359958083484,52.8640041916516,302.444,304.123,1.345,175.5,139,211.7,11.9949317730071
"183","British Columbia",2023-03-01,417292,208887,208405,50.0577533238116,49.9422466761884,301.467,305.147,1.3682,174.6,139.8,213.1,12.2495535021417
"184","British Columbia",2023-04-01,368353,198641,169712,53.9268039082076,46.0731960917924,301.811,306.534,1.3485,175.2,140.5,216.7,12.1992594885969
"185","British Columbia",2023-05-01,401649,214290,187359,53.3525540957403,46.6474459042597,302.184,307.652,1.352,176.7,140.9,215.4,12.2750901833796
"186","British Columbia",2023-06-01,374891,215115,159776,57.3806786505944,42.6193213494056,302.057,308.322,1.3288,176.9,141.3,223.8,12.2789326964969
"187","British Columbia",2023-07-01,347351,215566,131785,62.0599911904673,37.9400088095327,302.984,308.96,1.3215,177.8,142,219.2,12.2810270450774
"188","British Columbia",2023-08-01,379548,218469,161079,57.5603085775712,42.4396914224288,303.631,309.58,1.3485,178.1,142.2,225.2,12.2944039843201
"189","British Columbia",2023-09-01,380739,211205,169534,55.4723839690707,44.5276160309293,303.449,310.539,1.3535,178.3,142.4,224.5,12.2605892395016
"190","British Columbia",2023-10-01,351358,194829,156529,55.4502814792889,44.5497185207111,304.366,311.457,1.3717,178,142.8,213.6,12.1798826624399
"191","British Columbia",2023-11-01,390780,203681,187099,52.1216541276421,47.8783458723578,304.332,312.392,1.3709,179.2,143,207.7,12.2243152330675
"192","British Columbia",2023-12-01,376160,186367,189793,49.5446086771587,50.4553913228414,304.505,313.195,1.3431,180.8,142.1,201,12.1354784926762
"193","British Columbia",2024-01-01,375870,171303,204567,45.5750658472344,54.4249341527656,305.187,314.319,1.3425,182.1,142.8,196,12.0511950348861
"194","British Columbia",2024-02-01,391461,184603,206858,47.1574435256641,52.8425564743359,305.432,315.564,1.3501,182,143,202.3,12.1259682692885
"195","British Columbia",2024-03-01,398550,208695,189855,52.3635679337599,47.6364320662401,305.01,316.792,1.3539,180.8,143.5,216.2,12.2486339266142
"196","British Columbia",2024-04-01,421144,201949,219195,47.9524818114469,52.0475181885531,305.354,317.649,1.3674,179.8,144.2,228.9,12.2157754209916
"197","British Columbia",2024-05-01,432388,234394,197994,54.2091824935012,45.7908175064988,305.414,318.095,1.367,181.8,145,224.5,12.3647630053995
"198","British Columbia",2024-06-01,417704,242373,175331,58.0250608086109,41.9749391913891,305.582,318.39,1.3707,182.7,145.5,214.7,12.3982372666984
"199","British Columbia",2024-07-01,443419,280095,163324,63.167117331463,36.832882668537,306.285,318.94,1.3712,182.7,146.5,213.5,12.5428876805322
"200","British Columbia",2024-08-01,432222,251525,180697,58.1934746496014,41.8065253503986,306.399,319.75,1.3652,183,146.4,210.8,12.4353016429003
"201","British Columbia",2024-09-01,396380,219036,177344,55.2590948080125,44.7409051919875,307.258,320.732,1.3546,183.3,146.1,206.5,12.2969959442999
"202","British Columbia",2024-10-01,436902,239569,197333,54.8335782395137,45.1664217604863,307.867,321.731,1.3755,184,146.4,206.1,12.386600928703
"203","British Columbia",2024-11-01,459284,240040,219244,52.2639586835161,47.7360413164839,309.093,322.657,1.3975,184.9,146.4,205.8,12.3885650210671
"204","British Columbia",2024-12-01,414280,214242,200038,51.7142995075794,48.2857004924206,309.767,323.259,1.424,182.5,146.6,203.8,12.2748661638143
"205","British Columbia",2025-01-01,472783,229517,243266,48.5459502562486,51.4540497437514,310.817,324.638,1.439,182.6,146.1,213.5,12.3437367367797
"206","British Columbia",2025-02-01,375384,168114,207270,44.7845406303945,55.2154593696055,310.955,325.465,1.4301,185.5,147.2,218.6,12.0324035480154
"207","British Columbia",2025-03-01,449865,219072,230793,48.6972758494215,51.3027241505785,312.154,325.69,1.4359,186.8,147.5,214.8,12.2971602865888
"208","British Columbia",2025-04-01,411069,174651,236418,42.4870277252724,57.5129722747276,311.44,326.467,1.3988,187.6,148.3,195.1,12.0705507016438
"209","British Columbia",2025-05-01,460264,202122,258142,43.9143621921332,56.0856378078668,312.296,326.893,1.386,187.7,149.4,200.6,12.2166317019634
"210","British Columbia",2025-06-01,427625,213870,213755,50.0134463607132,49.9865536392868,312.982,327.658,1.3674,188.4,149.2,196.6,12.2731283085065
"211","British Columbia",2025-07-01,501463,283352,218111,56.5050661763679,43.4949338236321,313.035,328.682,1.3691,188.9,149.5,195.4,12.5544487491542
"212","British Columbia",2025-08-01,436985,251748,185237,57.6102154536197,42.3897845463803,314.647,329.7,1.3802,188.9,149.3,200,12.4361878383783
"213","British Columbia",2025-09-01,412402,208252,204150,50.4973302748289,49.5026697251711,315.54,330.418,1.3833,190.5,148.7,201,12.2465089656876
"214","British Columbia",2025-10-01,498559,255807,242752,51.3092733257247,48.6907266742753,NA,NA,1.3992,189.9,149.8,194.5,12.452182442071
"215","British Columbia",2025-11-01,438333,226546,211787,51.6835374019296,48.3164625980704,315,331.043,1.4055,192.6,149.5,193.8,12.3307077078977
"216","British Columbia",2025-12-01,433896,200342,233554,46.1728156055829,53.8271843944171,316.982,331.814,1.3802,191.9,149.1,185,12.2077861765969
"217","Canada",2017-01-01,1621316,780141,841175,48.1177635945121,51.8822364054879,237.072,250.467,1.3193,141.5,124.3,155.8,13.5672312333785
"218","Canada",2017-02-01,1582938,732925,850013,46.3015607686467,53.6984392313533,237.824,250.998,1.3107,141.7,124.8,151.1,13.504800020793
"219","Canada",2017-03-01,1781987,874232,907755,49.0593926891723,50.9406073108277,238.387,250.944,1.3386,141.8,125.2,149.8,13.6811022094978
"220","Canada",2017-04-01,1767347,914395,852952,51.7382834270803,48.2617165729198,238.568,251.227,1.344,142.2,125.2,157.2,13.726019017
"221","Canada",2017-05-01,1878090,1017339,860751,54.1688098014472,45.8311901985528,238.893,251.43,1.3607,143.1,125.5,151.8,13.8327019357769
"222","Canada",2017-06-01,1761780,1010429,751351,57.3527341665815,42.6472658334185,238.494,251.746,1.3298,143.6,125.6,148.7,13.825886540789
"223","Canada",2017-07-01,1576802,931182,645620,59.0551001330541,40.9448998669459,238.904,251.985,1.2689,144.1,125.6,147.8,13.7442110997789
"224","Canada",2017-08-01,1493124,891844,601280,59.7300693043578,40.2699306956422,238.804,252.535,1.2605,143.6,125.6,150.4,13.7010476296468
"225","Canada",2017-09-01,1422036,841731,580305,59.1919613849438,40.8080386150562,238.852,252.812,1.2283,142.4,125.8,154.5,13.6432169527733
"226","Canada",2017-10-01,1643765,926745,717020,56.379409465465,43.620590534535,239.02,253.526,1.2605,141.7,126.2,151.7,13.739434804845
"227","Canada",2017-11-01,1747263,931351,815912,53.3034236975201,46.6965763024799,238.94,253.816,1.2769,142.9,126.2,157.9,13.7443925728793
"228","Canada",2017-12-01,1590885,799983,790902,50.285407179023,49.714592820977,239.371,254.344,1.2771,143.4,125.6,155.8,13.5923470064501
"229","Canada",2018-01-01,1720249,772212,948037,44.8895479666025,55.1104520333975,239.854,255.204,1.2427,144.7,126.2,159.5,13.5570156976874
"230","Canada",2018-02-01,1653206,780442,872764,47.2077889869744,52.7922110130256,239.187,255.711,1.2586,144.7,127.1,159.1,13.5676169861619
"231","Canada",2018-03-01,1800935,893090,907845,49.5903516784337,50.4096483215663,239.149,256.271,1.2932,144.2,127.6,161,13.7024437583622
"232","Canada",2018-04-01,1770707,847894,922813,47.8844890769619,52.1155109230381,239.541,256.63,1.2733,144.8,127.5,167.1,13.6505120863529
"233","Canada",2018-05-01,1793328,971634,821694,54.1804957040764,45.8195042959236,238.884,257.145,1.2873,144.6,127.6,169.4,13.7867354985161
"234","Canada",2018-06-01,1772685,1018940,753745,57.4800373444803,42.5199626555197,239.048,257.399,1.3129,145.6,127.8,167.2,13.8342744106267
"235","Canada",2018-07-01,1641979,989900,652079,60.2870073246978,39.7129926753022,239.565,257.699,1.313,146.1,128.5,168.8,13.8053602171104
"236","Canada",2018-08-01,1540533,921513,619020,59.8178033187215,40.1821966812785,239.795,257.891,1.3041,145.9,128.5,167.2,13.7337732485973
"237","Canada",2018-09-01,1588675,964281,624394,60.6971847608856,39.3028152391144,239.967,258.368,1.3037,144.9,128.1,166.3,13.7791390619341
"238","Canada",2018-10-01,1720727,1042775,677952,60.6008390639538,39.3991609360462,239.558,258.917,1.301,144.6,128.8,163.7,13.8573969458169
"239","Canada",2018-11-01,1832309,1054518,777791,57.5513191279418,42.4486808720582,240.227,259.439,1.32,146.1,128.4,155.8,13.8685952967567
"240","Canada",2018-12-01,1832510,944628,887882,51.5483135153424,48.4516864846577,241.137,260.063,1.3432,147.5,128.5,150.1,13.7585475367986
"241","Canada",2019-01-01,1879862,891677,988185,47.4331094516512,52.5668905483488,241.581,260.766,1.3301,148.7,128.6,148.5,13.7008603598437
"242","Canada",2019-02-01,1650227,785554,864673,47.6027843442145,52.3972156557855,242.111,261.186,1.3206,149.3,129.6,150.1,13.5741457533227
"243","Canada",2019-03-01,1937369,951947,985422,49.1360706194845,50.8639293805155,242.482,261.567,1.3368,149.4,130,159.1,13.7662656904329
"244","Canada",2019-04-01,1954730,1005649,949081,51.4469517529275,48.5530482470725,241.219,261.997,1.3378,149,130.1,168.2,13.8211446565814
"245","Canada",2019-05-01,1922646,1052206,870440,54.7269752206074,45.2730247793926,241.642,262.217,1.3459,149.7,130.7,169.2,13.8664004209843
"246","Canada",2019-06-01,1836496,1078944,757552,58.7501415739539,41.2498584260461,241.214,262.739,1.3287,150.7,130.8,160.3,13.8914942698178
"247","Canada",2019-07-01,1721727,1018507,703220,59.1561263777591,40.8438736222409,240.988,263.28,1.3101,151.6,131.3,163.4,13.8338493693064
"248","Canada",2019-08-01,1677886,1006263,671623,59.972072000124,40.027927999876,240.943,263.877,1.3277,151.1,131.3,159.3,13.8217550206616
"249","Canada",2019-09-01,1619585,953545,666040,58.8758848717418,41.1241151282582,241.409,264.388,1.3241,150.2,130.8,158.7,13.767942946173
"250","Canada",2019-10-01,1815846,1054909,760937,58.0946291700948,41.9053708299052,241.999,264.97,1.319,149.9,131.4,158.9,13.8689660131965
"251","Canada",2019-11-01,1768826,986152,782674,55.7517811248817,44.2482188751183,242.726,265.548,1.3239,151.1,131,158.1,13.8015667939606
"252","Canada",2019-12-01,1817742,867782,949960,47.7395581991284,52.2604418008716,242.887,266.02,1.3172,151.9,130.8,158.3,13.6736969623873
"253","Canada",2020-01-01,1912462,876588,1035874,45.8355773866357,54.1644226133644,243.511,266.716,1.3087,153.5,131,158.6,13.6837935184053
"254","Canada",2020-02-01,1654995,802878,852117,48.5124124242067,51.4875875757933,244.2,267.37,1.3286,152.9,132.1,156.6,13.5959592966433
"255","Canada",2020-03-01,2035039,1033102,1001937,50.7657101411816,49.2342898588184,245.017,267.054,1.3953,152.8,132.2,140.6,13.8480774527148
"256","Canada",2020-04-01,1814058,914043,900015,50.3866469539563,49.6133530460437,251.063,265.746,1.4058,154,131.8,128.3,13.7256339893214
"257","Canada",2020-05-01,1858569,1028931,829638,55.3614635776234,44.6385364223766,253.23,265.412,1.397,154.3,131.5,137,13.8440319290563
"258","Canada",2020-06-01,1785480,1021985,763495,57.2386697134664,42.7613302865336,254.674,265.849,1.355,154.8,132.1,146.2,13.8372583510218
"259","Canada",2020-07-01,1861599,1067146,794453,57.3241605737863,42.6758394262137,252.003,267.389,1.3499,155,131.9,149.7,13.8804992902416
"260","Canada",2020-08-01,1621279,962898,658381,59.391258383042,40.608741616958,252.148,268.422,1.3222,153.8,131.9,149.3,13.7777038046984
"261","Canada",2020-09-01,1634904,948130,686774,57.9930075405039,42.0069924594961,251.166,268.933,1.3228,152.6,131.9,149.8,13.7622479573444
"262","Canada",2020-10-01,1909160,1083263,825897,56.7402941607828,43.2597058392172,251.641,269.306,1.3215,153.3,132.5,149.4,13.8954892635897
"263","Canada",2020-11-01,1891473,988351,903122,52.2529795561449,47.7470204438551,251.365,269.981,1.3068,153.9,132.7,149.1,13.8037941885827
"264","Canada",2020-12-01,1791820,884714,907106,49.3751604513846,50.6248395486154,252.536,270.341,1.2808,153.6,132.2,152,13.6930208382277
"265","Canada",2021-01-01,1899055,906064,992991,47.7113090458149,52.2886909541851,252.541,270.387,1.2724,155,132.8,154.3,13.716866326381
"266","Canada",2021-02-01,1767015,835172,931843,47.2645676465678,52.7354323534322,252.822,270.793,1.2699,155.6,133.1,160.4,13.6353941680018
"267","Canada",2021-03-01,2123981,1044944,1079037,49.1974269073028,50.8025730926972,252.933,271.459,1.2574,155.5,133.4,167.4,13.859474810417
"268","Canada",2021-04-01,1980041,1033554,946487,52.1986160892628,47.8013839107372,254.125,273.66,1.2496,155.4,134.2,170.2,13.848514873911
"269","Canada",2021-05-01,1980320,1111264,869056,56.115375292882,43.884624707118,255.043,275.465,1.2126,156.6,134.6,173.2,13.9210095640319
"270","Canada",2021-06-01,1936899,1131946,804953,58.4411474217293,41.5588525782707,257.058,277.651,1.2219,156.8,135,174.7,13.9394497168612
"271","Canada",2021-07-01,1945418,1215069,730349,62.4579910332895,37.5420089667105,258.491,278.648,1.2529,157.6,135.6,179.2,14.0103122462659
"272","Canada",2021-08-01,1857249,1116707,740542,60.1269404371735,39.8730595628265,259.613,278.997,1.2603,158,135.9,180.2,13.9258956293735
"273","Canada",2021-09-01,1933768,1181352,752416,61.0906789232214,38.9093210767786,262.459,279.698,1.2671,158.5,136.2,179.9,13.982170949756
"274","Canada",2021-10-01,2177110,1268937,908173,58.2853875091291,41.7146124908709,265.084,281.668,1.2437,159.2,136.8,187.5,14.053690888135
"275","Canada",2021-11-01,2221415,1235246,986169,55.606268977206,44.393731022794,267.473,283.406,1.257,160.7,136.8,188.4,14.0267815080469
"276","Canada",2021-12-01,2270986,1254048,1016938,55.2204196767395,44.7795803232605,268.985,285.18,1.2794,161.6,136.7,184.2,14.0418880743717
"277","Canada",2022-01-01,2225508,1120938,1104570,50.3677362651583,49.6322637348417,271.176,286.757,1.2616,163.9,137.5,190,13.9296772848734
"278","Canada",2022-02-01,2278474,1153134,1125340,50.6099257661049,49.3900742338951,274.728,288.273,1.2716,166,138.3,199,13.9579948782601
"279","Canada",2022-03-01,2659525,1378360,1281165,51.8272999877798,48.1727000122202,278.333,289.056,1.2658,167.5,139.6,213.9,14.1364056701218
"280","Canada",2022-04-01,2523983,1357007,1166976,53.7645063378002,46.2354936621998,281.593,290.514,1.2628,169,140.4,215.1,14.120792834157
"281","Canada",2022-05-01,2575434,1448610,1126824,56.2472189153362,43.7527810846638,285.522,292.063,1.2852,170.4,141.6,233.4,14.1861157242531
"282","Canada",2022-06-01,2490761,1361700,1129061,54.6700385946303,45.3299614053697,288.568,294.05,1.2814,170.6,142.2,242.5,14.1242452114885
"283","Canada",2022-07-01,2295746,1381503,914243,60.1766484619814,39.8233515380186,292.455,295.088,1.2942,172.1,143.1,229.4,14.138683318745
"284","Canada",2022-08-01,2186172,1263775,922397,57.8076656365556,42.1923343634444,294.884,296.535,1.2922,173.5,143.1,214.5,14.0496146227946
"285","Canada",2022-09-01,2099570,1187768,911802,56.5719647356363,43.4280352643637,296.403,298.226,1.3319,174.8,143.6,205.1,13.9875873155535
"286","Canada",2022-10-01,2277711,1253479,1024232,55.0323987547147,44.9676012452853,297.966,299.399,1.37,175.2,144.1,217.9,14.0414342411281
"287","Canada",2022-11-01,2392193,1246055,1146138,52.0883975498632,47.9116024501368,299.449,300.325,1.3449,177.3,144.2,214.6,14.0354939211398
"288","Canada",2022-12-01,2351098,1169941,1181157,49.761473149992,50.238526850008,300.576,301.394,1.3592,177.9,144,197.7,13.9724647328956
"289","Canada",2023-01-01,2451438,1127037,1324401,45.9745259721029,54.0254740278971,301.676,302.642,1.3422,181,144.3,200.3,13.9351035102884
"290","Canada",2023-02-01,2192380,1060353,1132027,48.3653837382206,51.6346162617794,302.444,304.123,1.345,182.1,145,197.9,13.8741133725994
"291","Canada",2023-03-01,2574421,1228214,1346207,47.7083585008046,52.2916414991954,301.467,305.147,1.3682,182.4,145.9,199.2,14.0210724537975
"292","Canada",2023-04-01,2381065,1187117,1193948,49.8565557849114,50.1434442150886,301.811,306.534,1.3485,183.1,146.6,206,13.9870390789289
"293","Canada",2023-05-01,2411071,1265219,1145852,52.4753937150752,47.5246062849248,302.184,307.652,1.352,184.6,147.2,204.4,14.0507565780661
"294","Canada",2023-06-01,2397481,1306451,1091030,54.4926529136206,45.5073470863794,302.057,308.322,1.3288,184.8,147.2,207.2,14.0828256238879
"295","Canada",2023-07-01,2132720,1228419,904301,57.5987002513223,42.4012997486777,302.984,308.96,1.3215,185.5,148,210.7,14.0212393487578
"296","Canada",2023-08-01,2231120,1245477,985643,55.8229499085661,44.1770500914339,303.631,309.58,1.3485,185.3,148.3,218.4,14.0350299499394
"297","Canada",2023-09-01,2322074,1258133,1063941,54.1814343556665,45.8185656443335,303.449,310.539,1.3535,185.2,148.2,216.2,14.0451402288528
"298","Canada",2023-10-01,2447795,1283603,1164192,52.4391544226539,47.5608455773461,304.366,311.457,1.3717,185,149,206.2,14.0651823044486
"299","Canada",2023-11-01,2558556,1331445,1227111,52.0389235177968,47.9610764822032,304.332,312.392,1.3709,186.2,149.3,202.3,14.1017761276495
"300","Canada",2023-12-01,2428637,1150358,1278279,47.3664034600478,52.6335965399522,304.505,313.195,1.3431,186.8,148.9,197,13.9555846255363
"301","Canada",2024-01-01,2457388,1107276,1350112,45.0590627121155,54.9409372878845,305.187,314.319,1.3425,188.1,148.8,194.9,13.9174144062251
"302","Canada",2024-02-01,2490864,1101882,1388982,44.236939471605,55.763060528395,305.432,315.564,1.3501,188.1,149.1,200.4,13.9125310924596
"303","Canada",2024-03-01,2781936,1280180,1501756,46.0175935032294,53.9824064967706,305.01,316.792,1.3539,187.8,150.1,204.7,14.0625120321489
"304","Canada",2024-04-01,2679060,1270166,1408894,47.4108829216218,52.5891170783782,305.354,317.649,1.3674,187.4,150.5,215.2,14.0546589458529
"305","Canada",2024-05-01,2806753,1432757,1373996,51.0467789648751,48.9532210351249,305.414,318.095,1.367,189,151.4,212.8,14.1751118160662
"306","Canada",2024-06-01,2677971,1367773,1310198,51.0749742995723,48.9250257004277,305.582,318.39,1.3707,190,151.4,208.3,14.1286951588385
"307","Canada",2024-07-01,2503802,1347405,1156397,53.8143591226463,46.1856408773537,306.285,318.94,1.3712,190.5,152,211.6,14.1136918205194
"308","Canada",2024-08-01,2556201,1327425,1228776,51.9296017801417,48.0703982198583,306.399,319.75,1.3652,190.3,151.8,208.2,14.098752286665
"309","Canada",2024-09-01,2446691,1288088,1158603,52.6461249091119,47.3538750908881,307.258,320.732,1.3546,190.3,151.7,198.3,14.0686702826381
"310","Canada",2024-10-01,2777377,1406613,1370764,50.6453751147215,49.3546248852784,307.867,321.731,1.3755,190.5,152.4,198.9,14.1566959558849
"311","Canada",2024-11-01,2816587,1348882,1467705,47.8906563156047,52.1093436843953,309.093,322.657,1.3975,191.5,152.2,199.5,14.1147874005168
"312","Canada",2024-12-01,2895649,1200504,1695145,41.4588922897768,58.5411077102232,309.767,323.259,1.424,188,152.1,199,13.9982528595661
"313","Canada",2025-01-01,2968041,1283299,1684742,43.237239647296,56.762760352704,310.817,324.638,1.439,187,152,205.3,14.0649454432326
"314","Canada",2025-02-01,2772929,1167421,1605508,42.1006452022392,57.8993547977608,310.955,325.465,1.4301,190.5,153.4,206.4,13.9703084568715
"315","Canada",2025-03-01,3040857,1305985,1734872,42.9479255354658,57.0520744645342,312.154,325.69,1.4359,193.8,153.7,204,14.0824688690061
"316","Canada",2025-04-01,2675384,1001943,1673441,37.4504370213771,62.5495629786229,311.44,326.467,1.3988,194.5,154.4,187.8,13.8174526708416
"317","Canada",2025-05-01,2751908,1193697,1558211,43.3770678380237,56.6229321619763,312.296,326.893,1.386,195.4,155.3,189.4,13.9925666096189
"318","Canada",2025-06-01,2610830,1232261,1378569,47.1980557906873,52.8019442093127,312.982,327.658,1.3674,195.6,155.4,188.6,14.0243620628038
"319","Canada",2025-07-01,2714271,1265658,1448613,46.6297580455305,53.3702419544695,313.035,328.682,1.3691,196.8,155.8,189.5,14.0511034931137
"320","Canada",2025-08-01,2666448,1187468,1478980,44.5337017635446,55.4662982364554,314.647,329.7,1.3802,196.8,155.5,191,13.987334709287
"321","Canada",2025-09-01,2587943,1209420,1378523,46.7328685369036,53.2671314630964,315.54,330.418,1.3833,197.5,155.4,193.1,14.0056522906526
"322","Canada",2025-10-01,3182580,1538431,1644149,48.3391148062264,51.6608851937736,NA,NA,1.3992,196.9,156.5,186,14.2462742738724
"323","Canada",2025-11-01,2901949,1343006,1558943,46.2794487428966,53.7205512571034,315,331.043,1.4055,199.5,155.9,189.4,14.1104216877033
"324","Canada",2025-12-01,2669348,1133162,1536186,42.4508906294721,57.5491093705279,316.982,331.814,1.3802,199.7,155.9,181.5,13.9405233955053
"325","Manitoba",2017-01-01,63750,50979,12771,79.9670588235294,20.0329411764706,237.072,250.467,1.3193,138.8,126.2,139.9,10.8391886779301
"326","Manitoba",2017-02-01,67341,54864,12477,81.4719116140242,18.5280883859759,237.824,250.998,1.3107,138.8,126.4,136.2,10.9126309014249
"327","Manitoba",2017-03-01,70893,56572,14321,79.7991339060274,20.2008660939726,238.387,250.944,1.3386,140.2,126.6,135.8,10.9432871185733
"328","Manitoba",2017-04-01,65542,52367,13175,79.8983857679045,20.1016142320955,238.568,251.227,1.344,140,126.7,140.4,10.866050996741
"329","Manitoba",2017-05-01,72261,59933,12328,82.9396216492991,17.0603783507009,238.893,251.43,1.3607,141,127,134.2,11.0009992357602
"330","Manitoba",2017-06-01,68767,59954,8813,87.1842598920994,12.8157401079006,238.494,251.746,1.3298,142.4,126.8,132.9,11.0013495598135
"331","Manitoba",2017-07-01,60634,52010,8624,85.7769568229046,14.2230431770954,238.904,251.985,1.2689,143.2,126.8,130.3,10.859210513654
"332","Manitoba",2017-08-01,57199,51188,6011,89.491075018794,10.508924981206,238.804,252.535,1.2605,144.4,126.7,133.4,10.8432799441954
"333","Manitoba",2017-09-01,60027,52535,7492,87.5189498059207,12.4810501940793,238.852,252.812,1.2283,143.2,127,140.3,10.8692539278708
"334","Manitoba",2017-10-01,62616,54145,8471,86.4715088795196,13.5284911204804,239.02,253.526,1.2605,142.4,127.8,140.1,10.899439380818
"335","Manitoba",2017-11-01,62236,50645,11591,81.3757310881162,18.6242689118838,238.94,253.816,1.2769,143,127.9,146.6,10.8326155332118
"336","Manitoba",2017-12-01,67634,52652,14982,77.8484194340125,22.1515805659875,239.371,254.344,1.2771,141.7,127.8,142.5,10.8714784959958
"337","Manitoba",2018-01-01,65591,52074,13517,79.3919897546919,20.608010245308,239.854,255.204,1.2427,143.3,128.3,145.2,10.8604402661292
"338","Manitoba",2018-02-01,61270,46886,14384,76.5235841357924,23.4764158642076,239.187,255.711,1.2586,142.3,129,143.1,10.7554957305103
"339","Manitoba",2018-03-01,77457,57409,20048,74.1172521528074,25.8827478471926,239.149,256.271,1.2932,142.6,129.3,144.9,10.9579737831617
"340","Manitoba",2018-04-01,71382,54720,16662,76.6579810036144,23.3420189963856,239.541,256.63,1.2733,143.3,129.6,154.5,10.9100028269833
"341","Manitoba",2018-05-01,78237,62348,15889,79.6911947032734,20.3088052967266,238.884,257.145,1.2873,142.3,129.2,157.7,11.0405029124872
"342","Manitoba",2018-06-01,75440,63528,11912,84.2099681866384,15.7900318133616,239.048,257.399,1.3129,142.2,129,159.9,11.0592517735417
"343","Manitoba",2018-07-01,67437,58444,8993,86.6645906549817,13.3354093450183,239.565,257.699,1.313,143.8,129.7,158.6,10.9758414200419
"344","Manitoba",2018-08-01,63151,53609,9542,84.8901838450698,15.1098161549302,239.795,257.891,1.3041,144.7,129.6,155.4,10.8894908968216
"345","Manitoba",2018-09-01,74953,65819,9134,87.8136965831921,12.1863034168079,239.967,258.368,1.3037,143.9,129.5,154.6,11.0946790224973
"346","Manitoba",2018-10-01,80913,71147,9766,87.9302460667631,12.0697539332369,239.558,258.917,1.301,144.8,130.9,151.1,11.1725174934954
"347","Manitoba",2018-11-01,81543,68364,13179,83.8379750561054,16.1620249438946,240.227,259.439,1.32,145.5,130.5,144.2,11.1326162767432
"348","Manitoba",2018-12-01,73995,57982,16013,78.3593486046354,21.6406513953646,241.137,260.063,1.3432,146.4,130.8,139.5,10.9679051431171
"349","Manitoba",2019-01-01,73970,56606,17364,76.5256184939841,23.474381506016,241.581,260.766,1.3301,147,130.8,135.1,10.9438879314558
"350","Manitoba",2019-02-01,65483,48271,17212,73.7153154253776,26.2846845746224,242.111,261.186,1.3206,147.7,131.6,141.2,10.7846069613988
"351","Manitoba",2019-03-01,84905,66039,18866,77.7798716212237,22.2201283787763,242.482,261.567,1.3368,147.5,132,149.4,11.0980158980341
"352","Manitoba",2019-04-01,81554,65748,15806,80.6189763837457,19.3810236162543,241.219,261.997,1.3378,146.5,132.2,164.3,11.0935997407989
"353","Manitoba",2019-05-01,85411,69797,15614,81.7189823324864,18.2810176675136,241.642,262.217,1.3459,146.8,132.9,163.2,11.1533606350448
"354","Manitoba",2019-06-01,68873,56822,12051,82.5025772073236,17.4974227926764,241.214,262.739,1.3287,148.6,132.7,157.3,10.9476964523249
"355","Manitoba",2019-07-01,73925,63867,10058,86.3943185661143,13.6056814338857,240.988,263.28,1.3101,149.2,132.7,157.8,11.0645737324596
"356","Manitoba",2019-08-01,70366,60619,9747,86.1481397265725,13.8518602734275,240.943,263.877,1.3277,148.5,133.1,152.7,11.0123801506118
"357","Manitoba",2019-09-01,73407,64393,9014,87.7205171168962,12.2794828831038,241.409,264.388,1.3241,147.5,132.8,153,11.0727757400502
"358","Manitoba",2019-10-01,79608,68568,11040,86.1320470304492,13.8679529695508,241.999,264.97,1.319,149,133.7,155.2,11.1355958165349
"359","Manitoba",2019-11-01,70860,57388,13472,80.9878633926051,19.0121366073949,242.726,265.548,1.3239,148.1,133.8,148.2,10.9576079263122
"360","Manitoba",2019-12-01,75210,60214,14996,80.0611620795107,19.9388379204893,242.887,266.02,1.3172,149.2,133.7,145.5,11.0056767696946
"361","Manitoba",2020-01-01,81277,64820,16457,79.7519593488933,20.2480406511067,243.511,266.716,1.3087,150.5,133.6,144.1,11.0793849039138
"362","Manitoba",2020-02-01,75218,57520,17698,76.4710574596506,23.5289425403494,244.2,267.37,1.3286,150.2,134.7,144.4,10.9599053775011
"363","Manitoba",2020-03-01,94130,74548,19582,79.1968554127271,20.8031445872729,245.017,267.054,1.3953,150,134.7,130.9,11.2192119062867
"364","Manitoba",2020-04-01,77577,62472,15105,80.5290227773696,19.4709772226304,251.063,265.746,1.4058,149.8,134.3,119.2,11.0424897423856
"365","Manitoba",2020-05-01,74754,61591,13163,82.3915777082163,17.6084222917837,253.23,265.412,1.397,150.9,133.7,131.9,11.0282872709579
"366","Manitoba",2020-06-01,71755,60971,10784,84.9710821545537,15.0289178454463,254.674,265.849,1.355,151.9,134.3,139.7,11.0181700213817
"367","Manitoba",2020-07-01,68778,60336,8442,87.7257262496729,12.2742737503271,252.003,267.389,1.3499,152.5,133.9,143.1,11.0077007932139
"368","Manitoba",2020-08-01,72450,65388,7062,90.2525879917184,9.74741200828157,252.148,268.422,1.3222,151,133.4,141.9,11.0881093275801
"369","Manitoba",2020-09-01,70095,62988,7107,89.8609030601327,10.1390969398673,251.166,268.933,1.3228,150,133.6,141,11.0507153869542
"370","Manitoba",2020-10-01,81294,70139,11155,86.2782001131695,13.7217998868305,251.641,269.306,1.3215,151,134.3,144.4,11.1582485236942
"371","Manitoba",2020-11-01,70254,59101,11153,84.1247473453469,15.8752526546531,251.365,269.981,1.3068,152.5,134.4,143.5,10.9870200437691
"372","Manitoba",2020-12-01,79577,65556,14021,82.380587355643,17.619412644357,252.536,270.341,1.2808,150.7,133.5,144.7,11.0906752722012
"373","Manitoba",2021-01-01,88473,73929,14544,83.5610864331491,16.4389135668509,252.541,270.387,1.2724,151.3,134.3,150.2,11.2108739785511
"374","Manitoba",2021-02-01,78285,61603,16682,78.6906814843201,21.3093185156799,252.822,270.793,1.2699,152.5,134.2,154.5,11.0284820824784
"375","Manitoba",2021-03-01,100558,80079,20479,79.6346387159649,20.3653612840351,252.933,271.459,1.2574,152.9,134.6,159.7,11.2907814139891
"376","Manitoba",2021-04-01,89042,71745,17297,80.5743357067451,19.4256642932549,254.125,273.66,1.2496,151.6,135.6,165.8,11.1808873829389
"377","Manitoba",2021-05-01,77884,64934,12950,83.3727081300395,16.6272918699605,255.043,275.465,1.2126,153,136.2,169.7,11.0811420485442
"378","Manitoba",2021-06-01,85061,72774,12287,85.5550722422732,14.4449277577268,257.058,277.651,1.2219,153.2,136.7,169.2,11.1951277686138
"379","Manitoba",2021-07-01,83620,73024,10596,87.3283903372399,12.6716096627601,258.491,278.648,1.2529,153.5,137.4,172.8,11.1985571272559
"380","Manitoba",2021-08-01,81970,72782,9188,88.7910211052824,11.2089788947176,259.613,278.997,1.2603,153.7,137.8,174.1,11.195237690432
"381","Manitoba",2021-09-01,94226,82184,12042,87.2200878738353,12.7799121261648,262.459,279.698,1.2671,154.9,138.1,174.3,11.3167280826406
"382","Manitoba",2021-10-01,102736,90791,11945,88.3731116648497,11.6268883351503,265.084,281.668,1.2437,155.1,138.7,182.1,11.416326454981
"383","Manitoba",2021-11-01,122853,106772,16081,86.9103725590747,13.0896274409253,267.473,283.406,1.257,156.3,138.5,182.5,11.5784603645579
"384","Manitoba",2021-12-01,147866,125343,22523,84.767965590467,15.232034409533,268.985,285.18,1.2794,155.6,138.3,176,11.7388172364656
"385","Manitoba",2022-01-01,129748,102887,26861,79.2975614267657,20.7024385732343,271.176,286.757,1.2616,159,139.6,184.2,11.5413962969459
"386","Manitoba",2022-02-01,124664,97603,27061,78.2928511839825,21.7071488160175,274.728,288.273,1.2716,160.4,140.6,189.1,11.4886737551679
"387","Manitoba",2022-03-01,168379,137788,30591,81.8320574418425,18.1679425581575,278.333,289.056,1.2658,162.5,141.8,207.7,11.8334788085409
"388","Manitoba",2022-04-01,149690,126042,23648,84.2020175028392,15.7979824971608,281.593,290.514,1.2628,163.8,142.9,209.5,11.7443783975556
"389","Manitoba",2022-05-01,138428,117662,20766,84.9986996850348,15.0013003149652,285.522,292.063,1.2852,164.8,145.2,221,11.6755798852887
"390","Manitoba",2022-06-01,136062,116930,19132,85.9387632108892,14.0612367891108,288.568,294.05,1.2814,165.3,145.6,238,11.669339296223
"391","Manitoba",2022-07-01,123884,105801,18083,85.4032804881986,14.5967195118014,292.455,295.088,1.2942,167,146.2,226.3,11.5693247018193
"392","Manitoba",2022-08-01,114313,99074,15239,86.6690577624592,13.3309422375408,294.884,296.535,1.2922,170.3,146.1,210.2,11.5036324180586
"393","Manitoba",2022-09-01,109124,93273,15851,85.4743227887541,14.5256772112459,296.403,298.226,1.3319,171.4,146.7,209.6,11.4432966770456
"394","Manitoba",2022-10-01,115765,100873,14892,87.1360082926619,12.8639917073381,297.966,299.399,1.37,172.8,147.3,221.3,11.5216274922641
"395","Manitoba",2022-11-01,119376,101202,18174,84.7758343385605,15.2241656614395,299.449,300.325,1.3449,175.5,147.7,214.7,11.5248836796649
"396","Manitoba",2022-12-01,117147,92570,24577,79.0203761086498,20.9796238913502,300.576,301.394,1.3592,174.4,147.4,198.8,11.4357311966388
"397","Manitoba",2023-01-01,127414,100815,26599,79.1239581207716,20.8760418792283,301.676,302.642,1.3422,177.4,147.9,196.1,11.5210523521818
"398","Manitoba",2023-02-01,116420,89795,26625,77.1302181755712,22.8697818244288,302.444,304.123,1.345,177.8,148.6,198.2,11.4052957098684
"399","Manitoba",2023-03-01,145302,107923,37379,74.2749583625828,25.7250416374172,301.467,305.147,1.3682,178.2,149.6,197.1,11.589182554687
"400","Manitoba",2023-04-01,119640,90303,29337,75.4789368104313,24.5210631895687,301.811,306.534,1.3485,179.9,150.7,206.4,11.4109370352125
"401","Manitoba",2023-05-01,122186,97225,24961,79.5713093153062,20.4286906846938,302.184,307.652,1.352,180.4,150.3,205.4,11.4847934443915
"402","Manitoba",2023-06-01,111631,94743,16888,84.8715858498087,15.1284141501913,302.057,308.322,1.3288,180.4,149.9,201.3,11.4589337964013
"403","Manitoba",2023-07-01,102037,90550,11487,88.7423189627292,11.2576810372708,302.984,308.96,1.3215,181.5,150.7,201.2,11.4136685068729
"404","Manitoba",2023-08-01,111245,100930,10315,90.7276731538496,9.27232684615039,303.631,309.58,1.3485,181.4,150.7,205.2,11.5221923940408
"405","Manitoba",2023-09-01,118489,104609,13880,88.2858324401421,11.7141675598579,303.449,310.539,1.3535,181.2,150.2,205.4,11.5579944283378
"406","Manitoba",2023-10-01,116699,103491,13208,88.6819938474194,11.3180061525806,304.366,311.457,1.3717,180.6,151.3,199.6,11.5472495940142
"407","Manitoba",2023-11-01,123037,106588,16449,86.6308508822549,13.3691491177451,304.332,312.392,1.3709,182.5,151.5,195.8,11.576735595896
"408","Manitoba",2023-12-01,111855,89588,22267,80.0929775155335,19.9070224844665,304.505,313.195,1.3431,183.5,150.3,184.4,11.4029878235693
"409","Manitoba",2024-01-01,123912,91843,32069,74.1195364452192,25.8804635547808,305.187,314.319,1.3425,184.1,150.6,169.5,11.4278467646119
"410","Manitoba",2024-02-01,110478,85527,24951,77.4154130234074,22.5845869765926,305.432,315.564,1.3501,183.8,151.1,175.1,11.3565990866933
"411","Manitoba",2024-03-01,124387,88342,36045,71.0218913552059,28.9781086447941,305.01,316.792,1.3539,184,151.4,182.6,11.3889822442751
"412","Manitoba",2024-04-01,110549,84294,26255,76.2503505232974,23.7496494767026,305.354,317.649,1.3674,182.8,152.3,188.4,11.3420778302499
"413","Manitoba",2024-05-01,104172,85017,19155,81.6121414583573,18.3878585416427,305.414,318.095,1.367,186.3,153.1,189.2,11.3506182777594
"414","Manitoba",2024-06-01,98943,82690,16253,83.5733705264647,16.4266294735353,305.582,318.39,1.3707,187.1,152.6,185.7,11.3228660480038
"415","Manitoba",2024-07-01,95882,83787,12095,87.3855363884775,12.6144636115225,306.285,318.94,1.3712,188.3,153.9,191.8,11.3360450781257
"416","Manitoba",2024-08-01,86585,74649,11936,86.2147023156436,13.7852976843564,306.399,319.75,1.3652,187.8,152.9,193.4,11.2205658029673
"417","Manitoba",2024-09-01,91467,80356,11111,87.8524495173123,12.1475504826877,307.258,320.732,1.3546,187.2,152.6,181.2,11.294234486226
"418","Manitoba",2024-10-01,107344,94903,12441,88.4101579967208,11.5898420032792,307.867,321.731,1.3755,188.1,153.8,179.8,11.4606211333409
"419","Manitoba",2024-11-01,93619,79965,13654,85.4153537209327,14.5846462790673,309.093,322.657,1.3975,189.3,153.6,177.3,11.2893568233179
"420","Manitoba",2024-12-01,98032,73111,24921,74.5787089929819,25.4212910070181,309.767,323.259,1.424,186.2,152.6,177.3,11.199747790952
"421","Manitoba",2025-01-01,117188,86110,31078,73.4802198177288,26.5197801822712,310.817,324.638,1.439,185.8,153.5,194,11.3633924406759
"422","Manitoba",2025-02-01,106944,77048,29896,72.0451825254339,27.9548174745661,310.955,325.465,1.4301,188.5,155.2,199.8,11.2521968620787
"423","Manitoba",2025-03-01,138792,110733,28059,79.7834169116376,20.2165830883624,312.154,325.69,1.4359,190.7,154.9,197.6,11.6148862079447
"424","Manitoba",2025-04-01,89744,60342,29402,67.2379211980745,32.7620788019255,311.44,326.467,1.3988,190.8,156,175.6,11.0078002297403
"425","Manitoba",2025-05-01,87974,67419,20555,76.6351422011049,23.3648577988951,312.296,326.893,1.386,191.9,156.9,177.1,11.1186969887881
"426","Manitoba",2025-06-01,81267,62044,19223,76.3458722482681,23.6541277517319,312.982,327.658,1.3674,191.3,157,177.4,11.0356152072087
"427","Manitoba",2025-07-01,76949,66673,10276,86.6457003989656,13.3542996010344,313.035,328.682,1.3691,193.9,157.7,179.1,11.1075703508125
"428","Manitoba",2025-08-01,76481,65075,11406,85.0864920699259,14.9135079300741,314.647,329.7,1.3802,193.5,157,181.1,11.0833110966291
"429","Manitoba",2025-09-01,88353,78155,10198,88.4576641427003,11.5423358572997,315.54,330.418,1.3833,194.4,157.3,179.2,11.2664621083344
"430","Manitoba",2025-10-01,100954,87029,13925,86.2065891396081,13.7934108603919,NA,NA,1.3992,194.5,159.1,173,11.3740081657836
"431","Manitoba",2025-11-01,90390,75509,14881,83.5368956743003,16.4631043256997,315,331.043,1.4055,197.2,158.8,176.2,11.2320203767975
"432","Manitoba",2025-12-01,82651,63264,19387,76.5435384931822,23.4564615068178,316.982,331.814,1.3802,197.2,158.9,165.6,11.0550875326234
"433","New Brunswick",2017-01-01,26660,18686,7974,70.0900225056264,29.9099774943736,237.072,250.467,1.3193,148.3,121.7,154.8,9.83558337392225
"434","New Brunswick",2017-02-01,16157,10364,5793,64.1455715788822,35.8544284211178,237.824,250.998,1.3107,147.9,122.1,150.7,9.24619002486988
"435","New Brunswick",2017-03-01,12666,7789,4877,61.4953418600979,38.5046581399021,238.387,250.944,1.3386,147.8,122.9,149.6,8.96059613886479
"436","New Brunswick",2017-04-01,16740,12310,4430,73.5364396654719,26.4635603345281,238.568,251.227,1.344,148.9,123,154.1,9.41824845064762
"437","New Brunswick",2017-05-01,29245,24822,4423,84.8760471875534,15.1239528124466,238.893,251.43,1.3607,149.5,123.2,151.6,10.1195259217203
"438","New Brunswick",2017-06-01,32991,25858,7133,78.378951835349,21.621048164651,238.494,251.746,1.3298,149,123.5,150.1,10.1604139818179
"439","New Brunswick",2017-07-01,47015,40913,6102,87.0211634584707,12.9788365415293,238.904,251.985,1.2689,148.6,123.8,148.3,10.6192275817487
"440","New Brunswick",2017-08-01,107651,105361,2290,97.8727554783513,2.12724452164866,238.804,252.535,1.2605,149.2,123.5,151.1,11.5651573187731
"441","New Brunswick",2017-09-01,64475,60789,3686,94.283055447848,5.716944552152,238.852,252.812,1.2283,148.1,123.4,157.3,11.0151805807428
"442","New Brunswick",2017-10-01,86936,83321,3615,95.8417686574032,4.15823134259685,239.02,253.526,1.2605,147.9,123.7,152.6,11.3304678989274
"443","New Brunswick",2017-11-01,63858,60101,3757,94.116633781202,5.88336621879796,238.94,253.816,1.2769,148.5,124.2,158.1,11.0037983978398
"444","New Brunswick",2017-12-01,28787,20003,8784,69.4862264216487,30.5137735783513,239.371,254.344,1.2771,149.4,123.9,156.6,9.90368753253879
"445","New Brunswick",2018-01-01,16254,9800,6454,60.2928509905254,39.7071490094746,239.854,255.204,1.2427,149.7,124.1,158.5,9.19023970026918
"446","New Brunswick",2018-02-01,24562,18069,6493,73.5648562820617,26.4351437179383,239.187,255.711,1.2586,150.3,125.2,158.3,9.80200838358627
"447","New Brunswick",2018-03-01,24348,17445,6903,71.6485953671759,28.351404632824,239.149,256.271,1.2932,150,125.7,157.8,9.76686567499316
"448","New Brunswick",2018-04-01,15117,10291,4826,68.0756763908183,31.9243236091817,239.541,256.63,1.2733,150.9,125.4,163.4,9.23912217340163
"449","New Brunswick",2018-05-01,24082,17062,7020,70.8495972095341,29.1504027904659,238.884,257.145,1.2873,149.6,124.8,168,9.74466765552726
"450","New Brunswick",2018-06-01,23546,20258,3288,86.0358447294657,13.9641552705343,239.048,257.399,1.3129,150,124.9,166.4,9.91635441824295
"451","New Brunswick",2018-07-01,80365,76074,4291,94.6606109624837,5.33938903751633,239.565,257.699,1.313,151.1,125.7,167.2,11.2394749747652
"452","New Brunswick",2018-08-01,112721,109216,3505,96.8905527807596,3.10944721924043,239.795,257.891,1.3041,151.8,125.6,166.6,11.6010920078321
"453","New Brunswick",2018-09-01,100601,98099,2502,97.5129471874037,2.4870528125963,239.967,258.368,1.3037,150.6,125,167.4,11.4937426455535
"454","New Brunswick",2018-10-01,110158,105971,4187,96.1990958441511,3.80090415584887,239.558,258.917,1.301,149.9,126.1,168.3,11.5709301872568
"455","New Brunswick",2018-11-01,63109,57973,5136,91.8616995991063,8.13830040089369,240.227,259.439,1.32,151.4,125.7,160.1,10.9677499131608
"456","New Brunswick",2018-12-01,31963,26021,5942,81.4097550292526,18.5902449707474,241.137,260.063,1.3432,151.4,125.4,153.3,10.1666976130634
"457","New Brunswick",2019-01-01,24650,16809,7841,68.1906693711967,31.8093306288032,241.581,260.766,1.3301,154.1,126.2,150.4,9.72972922640266
"458","New Brunswick",2019-02-01,17466,11267,6199,64.5081873353945,35.4918126646055,242.111,261.186,1.3206,154.1,126.8,152.9,9.32972212899626
"459","New Brunswick",2019-03-01,20505,14311,6194,69.7927334796391,30.2072665203609,242.482,261.567,1.3368,154.8,127.4,159.8,9.56885362518856
"460","New Brunswick",2019-04-01,17876,13433,4443,75.1454464085925,24.8545535914075,241.219,261.997,1.3378,153.3,127.1,170.6,9.50554408582681
"461","New Brunswick",2019-05-01,18885,14137,4748,74.8583531903627,25.1416468096373,241.642,262.217,1.3459,154.1,127.3,170.9,9.5566214867309
"462","New Brunswick",2019-06-01,34090,27620,6470,81.0208272220593,18.9791727779407,241.214,262.739,1.3287,156.2,127.3,162.8,10.226331631956
"463","New Brunswick",2019-07-01,48288,41306,6982,85.5409211398277,14.4590788601723,240.988,263.28,1.3101,157,127.7,166.7,10.6287872561125
"464","New Brunswick",2019-08-01,128063,123824,4239,96.6899104347079,3.31008956529208,240.943,263.877,1.3277,157.8,128.1,164.9,11.7266245574564
"465","New Brunswick",2019-09-01,91403,88896,2507,97.2572016235791,2.74279837642091,241.409,264.388,1.3241,156.1,127.6,163.3,11.3952336751508
"466","New Brunswick",2019-10-01,121367,117547,3820,96.8525216904101,3.14747830958992,241.999,264.97,1.319,155.2,128,164,11.6746020397869
"467","New Brunswick",2019-11-01,88164,81704,6460,92.6727462456331,7.32725375436686,242.726,265.548,1.3239,157.6,128.1,164.9,11.3108704784859
"468","New Brunswick",2019-12-01,45339,38614,6725,85.1672952645625,14.8327047354375,242.887,266.02,1.3172,156.4,127.2,164.8,10.5613960810034
"469","New Brunswick",2020-01-01,28873,22559,6314,78.1318186541059,21.8681813458941,243.511,266.716,1.3087,159.3,127.8,164.6,10.023933705612
"470","New Brunswick",2020-02-01,20094,13678,6416,68.070070667861,31.9299293321389,244.2,267.37,1.3286,158.2,129,159.9,9.52361708908944
"471","New Brunswick",2020-03-01,22518,14728,7790,65.4054534150457,34.5945465849543,245.017,267.054,1.3953,158.5,129,147.3,9.59757361848954
"472","New Brunswick",2020-04-01,17719,13345,4374,75.3146340086912,24.6853659913088,251.063,265.746,1.4058,159.9,128,131.5,9.49897199346355
"473","New Brunswick",2020-05-01,17810,14025,3785,78.7478944413251,21.2521055586749,253.23,265.412,1.397,161,128.4,136.5,9.54866802909686
"474","New Brunswick",2020-06-01,26333,22506,3827,85.4669046443626,14.5330953556374,254.674,265.849,1.355,161.1,128.9,144.1,10.0215816509186
"475","New Brunswick",2020-07-01,67398,62215,5183,92.3098608267308,7.69013917326924,252.003,267.389,1.3499,161.2,128.9,148.5,11.0383674803748
"476","New Brunswick",2020-08-01,59839,55891,3948,93.4022961613663,6.59770383863367,252.148,268.422,1.3222,160,128.7,147.5,10.9311765362003
"477","New Brunswick",2020-09-01,50639,48287,2352,95.3553585181382,4.64464148186181,251.166,268.933,1.3228,157.4,128.8,147.4,10.7849383615676
"478","New Brunswick",2020-10-01,96570,90966,5604,94.1969555762659,5.80304442373408,251.641,269.306,1.3215,159.8,129.2,147.5,11.4182520823675
"479","New Brunswick",2020-11-01,63426,58405,5021,92.0836880774446,7.91631192255542,251.365,269.981,1.3068,159.4,129.3,145.7,10.975173903265
"480","New Brunswick",2020-12-01,23815,17722,6093,74.4152844845685,25.5847155154315,252.536,270.341,1.2808,159.9,128.8,149.4,9.78261851005514
"481","New Brunswick",2021-01-01,20512,14049,6463,68.4916146645866,31.5083853354134,252.541,270.387,1.2724,162,129.5,154.7,9.55037767476189
"482","New Brunswick",2021-02-01,14564,7721,6843,53.0142817907168,46.9857182092832,252.822,270.793,1.2699,161.8,129.7,159.5,8.95182867682418
"483","New Brunswick",2021-03-01,15708,9044,6664,57.5757575757576,42.4242424242424,252.933,271.459,1.2574,161.6,129.5,167.3,9.1099673978294
"484","New Brunswick",2021-04-01,16435,10459,5976,63.6385762093094,36.3614237906906,254.125,273.66,1.2496,162.1,130.6,169.8,9.25531373761891
"485","New Brunswick",2021-05-01,18419,11922,6497,64.7266409685651,35.2733590314349,255.043,275.465,1.2126,163.9,131.3,172.6,9.38622458680613
"486","New Brunswick",2021-06-01,26571,23325,3246,87.7836739302247,12.2163260697753,257.058,277.651,1.2219,164.3,131.1,174,10.057323897251
"487","New Brunswick",2021-07-01,127671,122266,5405,95.7664622349633,4.2335377650367,258.491,278.648,1.2529,165.7,131.7,178,11.713962456974
"488","New Brunswick",2021-08-01,144564,140967,3597,97.5118286710384,2.48817132896157,259.613,278.997,1.2603,166.8,132.1,178.5,11.8562881932486
"489","New Brunswick",2021-09-01,139167,135859,3308,97.6229997053899,2.37700029461007,262.459,279.698,1.2671,166.7,132.4,179.7,11.8193802227453
"490","New Brunswick",2021-10-01,155032,144397,10635,93.1401259094897,6.85987409051035,265.084,281.668,1.2437,168,133,185,11.8803286549294
"491","New Brunswick",2021-11-01,92031,82622,9409,89.7762710391064,10.2237289608936,267.473,283.406,1.257,168.5,132.9,187.1,11.3220433711122
"492","New Brunswick",2021-12-01,28760,24271,4489,84.3915159944367,15.6084840055633,268.985,285.18,1.2794,169.6,132.8,181.7,10.0970787015883
"493","New Brunswick",2022-01-01,21667,13751,7916,63.4651774588083,36.5348225411917,271.176,286.757,1.2616,171.9,133.6,185.7,9.52893954706268
"494","New Brunswick",2022-02-01,21377,13096,8281,61.2621041306077,38.7378958693923,274.728,288.273,1.2716,173.5,134.2,193.9,9.4801384753294
"495","New Brunswick",2022-03-01,19080,14517,4563,76.0849056603774,23.9150943396226,278.333,289.056,1.2658,175.6,135.4,208.3,9.58314453784479
"496","New Brunswick",2022-04-01,29440,24540,4900,83.3559782608696,16.6440217391304,281.593,290.514,1.2628,178.2,136.1,212.7,10.1081004672309
"497","New Brunswick",2022-05-01,38423,34555,3868,89.9331129792052,10.0668870207948,285.522,292.063,1.2852,179.3,137.3,234.5,10.4503364754788
"498","New Brunswick",2022-06-01,36745,27027,9718,73.5528643352837,26.4471356647163,288.568,294.05,1.2814,179.4,137.4,240.3,10.2046286446721
"499","New Brunswick",2022-07-01,81958,73286,8672,89.4189706923058,10.5810293076942,292.455,295.088,1.2942,181.1,138,226.1,11.2021385188034
"500","New Brunswick",2022-08-01,102621,94421,8200,92.0094327671724,7.99056723282759,294.884,296.535,1.2922,183.5,138.4,214.7,11.4555293758289
"501","New Brunswick",2022-09-01,67674,59776,7898,88.329343617933,11.670656382067,296.403,298.226,1.3319,184.6,138.8,202.5,10.9983762505706
"502","New Brunswick",2022-10-01,79154,72136,7018,91.1337392930237,8.86626070697627,297.966,299.399,1.37,184.5,139.4,213.3,11.1863223677874
"503","New Brunswick",2022-11-01,54918,49194,5724,89.5771878072763,10.4228121927237,299.449,300.325,1.3449,186.4,139.7,225,10.8035472712999
"504","New Brunswick",2022-12-01,29585,22811,6774,77.1032617880683,22.8967382119317,300.576,301.394,1.3592,185.7,139.1,201.6,10.0350419922764
"505","New Brunswick",2023-01-01,31922,25095,6827,78.6134953950254,21.3865046049746,301.676,302.642,1.3422,189.7,140.1,203.4,10.1304637498705
"506","New Brunswick",2023-02-01,23993,16107,7886,67.1320801900554,32.8679198099446,302.444,304.123,1.345,190.2,140.6,206.6,9.68707132197135
"507","New Brunswick",2023-03-01,15145,11034,4111,72.8557279630241,27.1442720369759,301.467,305.147,1.3682,191.2,141.4,199.5,9.30882731869084
"508","New Brunswick",2023-04-01,22755,16720,6035,73.4783564051857,26.5216435948143,301.811,306.534,1.3485,193,142.1,209.4,9.72442069346267
"509","New Brunswick",2023-05-01,20082,14647,5435,72.9359625535305,27.0640374464695,302.184,307.652,1.352,195.4,142.5,200.1,9.59205908635435
"510","New Brunswick",2023-06-01,19948,15530,4418,77.8524162823341,22.1475837176659,302.057,308.322,1.3288,196.4,142.5,201.8,9.65059330557001
"511","New Brunswick",2023-07-01,77291,74238,3053,96.0499928840357,3.95000711596434,302.984,308.96,1.3215,197.7,142.4,209.5,11.2150448975418
"512","New Brunswick",2023-08-01,83362,78083,5279,93.6673784218229,6.33262157817711,303.631,309.58,1.3485,195.8,142.4,219,11.265540449283
"513","New Brunswick",2023-09-01,64136,60460,3676,94.2684295871274,5.73157041287265,303.449,310.539,1.3535,196.5,142.6,222.3,11.0097538080577
"514","New Brunswick",2023-10-01,72544,69017,3527,95.1381230701367,4.86187692986326,304.366,311.457,1.3717,195.7,143.3,211,11.1421226191241
"515","New Brunswick",2023-11-01,47478,42910,4568,90.3787017144783,9.62129828552171,304.332,312.392,1.3709,197,143.2,205.1,10.666883482305
"516","New Brunswick",2023-12-01,24204,16564,7640,68.4349694265411,31.5650305734589,304.505,313.195,1.3431,198.5,142.5,200.2,9.715047314734
"517","New Brunswick",2024-01-01,22540,16256,6284,72.1206743566992,27.8793256433008,305.187,314.319,1.3425,199.5,143.6,196.7,9.69627886423422
"518","New Brunswick",2024-02-01,13517,7645,5872,56.5584079307539,43.4415920692461,305.432,315.564,1.3501,199.3,143.6,202,8.94193791425636
"519","New Brunswick",2024-03-01,15195,10097,5098,66.4494899638039,33.5505100361961,305.01,316.792,1.3539,199.5,144.5,204,9.22009266341886
"520","New Brunswick",2024-04-01,29613,25474,4139,86.0230304258265,13.9769695741735,305.354,317.649,1.3674,200,145.2,222.7,10.1454528580909
"521","New Brunswick",2024-05-01,32470,28303,4167,87.1666153372344,12.8333846627656,305.414,318.095,1.367,201.3,145.4,217.7,10.2507584163996
"522","New Brunswick",2024-06-01,25982,23052,2930,88.7229620506505,11.2770379493496,305.582,318.39,1.3707,202.7,145.7,213.1,10.0455511917996
"523","New Brunswick",2024-07-01,64570,60728,3842,94.0498683599195,5.95013164008053,306.285,318.94,1.3712,203.8,146.3,216.8,11.0141766224297
"524","New Brunswick",2024-08-01,95809,88620,7189,92.496529553591,7.503470446409,306.399,319.75,1.3652,202.8,145.7,211.8,11.3921241288243
"525","New Brunswick",2024-09-01,88214,83904,4310,95.1141542158841,4.8858457841159,307.258,320.732,1.3546,202.5,145.3,201.8,11.3374404854353
"526","New Brunswick",2024-10-01,113942,102638,11304,90.079163082972,9.92083691702796,307.867,321.731,1.3755,202.4,146.2,204.3,11.5389732564517
"527","New Brunswick",2024-11-01,72028,63959,8069,88.7974121175099,11.2025878824901,309.093,322.657,1.3975,203.4,145.9,206.1,11.0660131669479
"528","New Brunswick",2024-12-01,39793,31969,7824,80.3382504460584,19.6617495539417,309.767,323.259,1.424,198.7,145.2,205,10.3725532420539
"529","New Brunswick",2025-01-01,20798,14904,5894,71.6607366092894,28.3392633907106,310.817,324.638,1.439,195.5,145.3,204.3,9.60945200611217
"530","New Brunswick",2025-02-01,20328,14483,5845,71.2465564738292,28.7534435261708,310.955,325.465,1.4301,201.7,146.6,206.5,9.58079987088553
"531","New Brunswick",2025-03-01,27995,23504,4491,83.9578496160029,16.0421503839971,312.154,325.69,1.4359,206.6,147.3,201.2,10.0649684434582
"532","New Brunswick",2025-04-01,35387,26842,8545,75.8527142736033,24.1472857263967,311.44,326.467,1.3988,207.1,147.7,191.5,10.1977603583119
"533","New Brunswick",2025-05-01,28588,21560,7028,75.4162585700294,24.5837414299706,312.296,326.893,1.386,208.7,148.6,192.3,9.97864140613655
"534","New Brunswick",2025-06-01,22524,17819,4705,79.1111703072278,20.8888296927722,312.982,327.658,1.3674,208.4,149.4,192.5,9.7880767010248
"535","New Brunswick",2025-07-01,53003,48064,4939,90.6816595287059,9.31834047129408,313.035,328.682,1.3691,209.7,149.8,194.1,10.7803095404999
"536","New Brunswick",2025-08-01,86959,78539,8420,90.3172759576352,9.68272404236479,314.647,329.7,1.3802,209.9,149.4,194.8,11.271363328132
"537","New Brunswick",2025-09-01,86010,78193,7817,90.9115219160563,9.08847808394373,315.54,330.418,1.3833,210.6,148.9,198,11.2669481972471
"538","New Brunswick",2025-10-01,115340,106233,9107,92.10421362927,7.89578637073001,NA,NA,1.3992,209.3,149.7,200,11.5733994872118
"539","New Brunswick",2025-11-01,76432,68193,8239,89.2204835670923,10.7795164329077,315,331.043,1.4055,211,150.1,204,11.1301118634218
"540","New Brunswick",2025-12-01,29495,23406,6089,79.355823020851,20.644176979149,316.982,331.814,1.3802,211.9,150,194.3,10.0607904019099
"541","Newfoundland and Labrador",2017-01-01,926,0,926,0,100,237.072,250.467,1.3193,144.5,127.2,170,0
"542","Newfoundland and Labrador",2017-02-01,17,1,16,5.88235294117647,94.1176470588235,237.824,250.998,1.3107,144.3,127.4,165.9,0.693147180559945
"543","Newfoundland and Labrador",2017-03-01,6,1,5,16.6666666666667,83.3333333333333,238.387,250.944,1.3386,145.3,127.9,163.5,0.693147180559945
"544","Newfoundland and Labrador",2017-04-01,818,1,817,0.122249388753056,99.8777506112469,238.568,251.227,1.344,143.7,127.9,168.5,0.693147180559945
"545","Newfoundland and Labrador",2017-05-01,98,1,97,1.02040816326531,98.9795918367347,238.893,251.43,1.3607,145.5,127.7,165.5,0.693147180559945
"546","Newfoundland and Labrador",2017-06-01,129,5,124,3.87596899224806,96.1240310077519,238.494,251.746,1.3298,145.6,128.4,155.7,1.79175946922805
"547","Newfoundland and Labrador",2017-07-01,788,1,787,0.126903553299492,99.8730964467005,238.904,251.985,1.2689,146,128.5,159.5,0.693147180559945
"548","Newfoundland and Labrador",2017-08-01,382,0,382,0,100,238.804,252.535,1.2605,146.2,128,162.5,0
"549","Newfoundland and Labrador",2017-09-01,225,4,221,1.77777777777778,98.2222222222222,238.852,252.812,1.2283,145.2,128.7,169,1.6094379124341
"550","Newfoundland and Labrador",2017-10-01,630,4,626,0.634920634920635,99.3650793650794,239.02,253.526,1.2605,144.5,128.8,165.5,1.6094379124341
"551","Newfoundland and Labrador",2017-11-01,629,0,629,0,100,238.94,253.816,1.2769,144.3,129,170.7,0
"552","Newfoundland and Labrador",2017-12-01,7,0,7,0,100,239.371,254.344,1.2771,144.7,128.8,166.4,0
"553","Newfoundland and Labrador",2018-01-01,12,2,10,16.6666666666667,83.3333333333333,239.854,255.204,1.2427,144.8,129.3,168.8,1.09861228866811
"554","Newfoundland and Labrador",2018-02-01,13,0,13,0,100,239.187,255.711,1.2586,145.8,129.8,168.5,0
"555","Newfoundland and Labrador",2018-03-01,1041,1,1040,0.0960614793467819,99.9039385206532,239.149,256.271,1.2932,145.6,130.1,168.3,0.693147180559945
"556","Newfoundland and Labrador",2018-04-01,20,0,20,0,100,239.541,256.63,1.2733,146.2,129.4,175.1,0
"557","Newfoundland and Labrador",2018-05-01,235,0,235,0,100,238.884,257.145,1.2873,145.6,129,180.4,0
"558","Newfoundland and Labrador",2018-06-01,1003,0,1003,0,100,239.048,257.399,1.3129,146.4,129.5,179.1,0
"559","Newfoundland and Labrador",2018-07-01,273,0,273,0,100,239.565,257.699,1.313,146.3,130.2,184.1,0
"560","Newfoundland and Labrador",2018-08-01,230,2,228,0.869565217391304,99.1304347826087,239.795,257.891,1.3041,147,130,181.9,1.09861228866811
"561","Newfoundland and Labrador",2018-09-01,145,1,144,0.689655172413793,99.3103448275862,239.967,258.368,1.3037,145.4,129.5,182.3,0.693147180559945
"562","Newfoundland and Labrador",2018-10-01,853,1,852,0.117233294255569,99.8827667057444,239.558,258.917,1.301,144,130.5,182.9,0.693147180559945
"563","Newfoundland and Labrador",2018-11-01,11,3,8,27.2727272727273,72.7272727272727,240.227,259.439,1.32,145.1,129.9,174.3,1.38629436111989
"564","Newfoundland and Labrador",2018-12-01,693,3,690,0.432900432900433,99.5670995670996,241.137,260.063,1.3432,143.9,129.9,166,1.38629436111989
"565","Newfoundland and Labrador",2019-01-01,1857,0,1857,0,100,241.581,260.766,1.3301,147.2,129.7,163.3,0
"566","Newfoundland and Labrador",2019-02-01,123,0,123,0,100,242.111,261.186,1.3206,146.9,130.6,167.5,0
"567","Newfoundland and Labrador",2019-03-01,116,0,116,0,100,242.482,261.567,1.3368,147.7,131,174.4,0
"568","Newfoundland and Labrador",2019-04-01,580,4,576,0.689655172413793,99.3103448275862,241.219,261.997,1.3378,146.4,131.4,180.7,1.6094379124341
"569","Newfoundland and Labrador",2019-05-01,621,3,618,0.483091787439614,99.5169082125604,241.642,262.217,1.3459,147.8,131.4,181,1.38629436111989
"570","Newfoundland and Labrador",2019-06-01,470,0,470,0,100,241.214,262.739,1.3287,148.8,131.5,171.9,0
"571","Newfoundland and Labrador",2019-07-01,868,2,866,0.230414746543779,99.7695852534562,240.988,263.28,1.3101,150,131.6,177,1.09861228866811
"572","Newfoundland and Labrador",2019-08-01,70,1,69,1.42857142857143,98.5714285714286,240.943,263.877,1.3277,150.3,131.7,173.5,0.693147180559945
"573","Newfoundland and Labrador",2019-09-01,124,2,122,1.61290322580645,98.3870967741936,241.409,264.388,1.3241,149.4,130.8,172.5,1.09861228866811
"574","Newfoundland and Labrador",2019-10-01,85,1,84,1.17647058823529,98.8235294117647,241.999,264.97,1.319,147.8,131.4,177.8,0.693147180559945
"575","Newfoundland and Labrador",2019-11-01,1148,1,1147,0.0871080139372822,99.9128919860627,242.726,265.548,1.3239,148.8,131.4,178.3,0.693147180559945
"576","Newfoundland and Labrador",2019-12-01,575,2,573,0.347826086956522,99.6521739130435,242.887,266.02,1.3172,147.8,131.3,178.2,1.09861228866811
"577","Newfoundland and Labrador",2020-01-01,1083,0,1083,0,100,243.511,266.716,1.3087,149.2,131.3,179.3,0
"578","Newfoundland and Labrador",2020-02-01,104,4,100,3.84615384615385,96.1538461538462,244.2,267.37,1.3286,150.2,132.1,174.5,1.6094379124341
"579","Newfoundland and Labrador",2020-03-01,295,2,293,0.677966101694915,99.3220338983051,245.017,267.054,1.3953,150.8,132.1,160.9,1.09861228866811
"580","Newfoundland and Labrador",2020-04-01,204,0,204,0,100,251.063,265.746,1.4058,150.9,131.8,145.2,0
"581","Newfoundland and Labrador",2020-05-01,363,2,361,0.550964187327824,99.4490358126722,253.23,265.412,1.397,153.1,131.6,149.4,1.09861228866811
"582","Newfoundland and Labrador",2020-06-01,2146,5,2141,0.232991612301957,99.767008387698,254.674,265.849,1.355,152.4,132.4,158.6,1.79175946922805
"583","Newfoundland and Labrador",2020-07-01,693,0,693,0,100,252.003,267.389,1.3499,151.6,132.2,163,0
"584","Newfoundland and Labrador",2020-08-01,1579,1,1578,0.0633312222925903,99.9366687777074,252.148,268.422,1.3222,150.4,131.9,162.5,0.693147180559945
"585","Newfoundland and Labrador",2020-09-01,281,1,280,0.355871886120996,99.644128113879,251.166,268.933,1.3228,149.8,132.4,161.9,0.693147180559945
"586","Newfoundland and Labrador",2020-10-01,997,0,997,0,100,251.641,269.306,1.3215,150.2,133.5,163.7,0
"587","Newfoundland and Labrador",2020-11-01,1767,0,1767,0,100,251.365,269.981,1.3068,151.8,133.7,165.4,0
"588","Newfoundland and Labrador",2020-12-01,1037,0,1037,0,100,252.536,270.341,1.2808,149.2,132.9,170.6,0
"589","Newfoundland and Labrador",2021-01-01,2353,24,2329,1.01997450063748,98.9800254993625,252.541,270.387,1.2724,151.2,134,176.5,3.2188758248682
"590","Newfoundland and Labrador",2021-02-01,1681,3,1678,0.178465199286139,99.8215348007139,252.822,270.793,1.2699,151.2,133.4,180.6,1.38629436111989
"591","Newfoundland and Labrador",2021-03-01,1527,1,1526,0.0654878847413229,99.9345121152587,252.933,271.459,1.2574,152.3,133.4,189.3,0.693147180559945
"592","Newfoundland and Labrador",2021-04-01,2592,5,2587,0.192901234567901,99.8070987654321,254.125,273.66,1.2496,151.9,134.2,189.3,1.79175946922805
"593","Newfoundland and Labrador",2021-05-01,3669,1,3668,0.0272553829381303,99.9727446170619,255.043,275.465,1.2126,154.1,134.6,191.7,0.693147180559945
"594","Newfoundland and Labrador",2021-06-01,4086,0,4086,0,100,257.058,277.651,1.2219,154.5,134.4,193.4,0
"595","Newfoundland and Labrador",2021-07-01,1172,2,1170,0.170648464163823,99.8293515358362,258.491,278.648,1.2529,156,135,201.7,1.09861228866811
"596","Newfoundland and Labrador",2021-08-01,353,13,340,3.68271954674221,96.3172804532578,259.613,278.997,1.2603,155.8,135.1,200.9,2.63905732961526
"597","Newfoundland and Labrador",2021-09-01,445,2,443,0.449438202247191,99.5505617977528,262.459,279.698,1.2671,155.9,134.8,202.5,1.09861228866811
"598","Newfoundland and Labrador",2021-10-01,177,3,174,1.69491525423729,98.3050847457627,265.084,281.668,1.2437,157.5,135.4,208.2,1.38629436111989
"599","Newfoundland and Labrador",2021-11-01,735,1,734,0.136054421768707,99.8639455782313,267.473,283.406,1.257,157.7,135.4,207.8,0.693147180559945
"600","Newfoundland and Labrador",2021-12-01,888,0,888,0,100,268.985,285.18,1.2794,158.3,135.3,200.9,0
"601","Newfoundland and Labrador",2022-01-01,1642,2,1640,0.121802679658952,99.878197320341,271.176,286.757,1.2616,161.2,135.9,208.3,1.09861228866811
"602","Newfoundland and Labrador",2022-02-01,1556,1,1555,0.06426735218509,99.9357326478149,274.728,288.273,1.2716,162.6,136.2,219.7,0.693147180559945
"603","Newfoundland and Labrador",2022-03-01,667,0,667,0,100,278.333,289.056,1.2658,164.7,137.1,238.4,0
"604","Newfoundland and Labrador",2022-04-01,5175,2,5173,0.0386473429951691,99.9613526570048,281.593,290.514,1.2628,165.6,137.6,245.8,1.09861228866811
"605","Newfoundland and Labrador",2022-05-01,6681,0,6681,0,100,285.522,292.063,1.2852,168.1,138.3,270.7,0
"606","Newfoundland and Labrador",2022-06-01,3383,0,3383,0,100,288.568,294.05,1.2814,168.1,139,268.7,0
"607","Newfoundland and Labrador",2022-07-01,4521,2,4519,0.04423800044238,99.9557619995576,292.455,295.088,1.2942,170.6,139.8,250.6,1.09861228866811
"608","Newfoundland and Labrador",2022-08-01,1463,1,1462,0.0683526999316473,99.9316473000683,294.884,296.535,1.2922,171.9,139.8,236.2,0.693147180559945
"609","Newfoundland and Labrador",2022-09-01,576,2,574,0.347222222222222,99.6527777777778,296.403,298.226,1.3319,172.8,139.9,224.6,1.09861228866811
"610","Newfoundland and Labrador",2022-10-01,1937,4,1933,0.206504904491482,99.7934950955085,297.966,299.399,1.37,173,140.9,240.4,1.6094379124341
"611","Newfoundland and Labrador",2022-11-01,7575,2,7573,0.0264026402640264,99.973597359736,299.449,300.325,1.3449,175.2,140.9,239.4,1.09861228866811
"612","Newfoundland and Labrador",2022-12-01,555,2,553,0.36036036036036,99.6396396396396,300.576,301.394,1.3592,173.7,140.6,216.7,1.09861228866811
"613","Newfoundland and Labrador",2023-01-01,1946,0,1946,0,100,301.676,302.642,1.3422,177.9,140.8,222.9,0
"614","Newfoundland and Labrador",2023-02-01,2484,2,2482,0.0805152979066023,99.9194847020934,302.444,304.123,1.345,179,141.9,229.2,1.09861228866811
"615","Newfoundland and Labrador",2023-03-01,448,7,441,1.5625,98.4375,301.467,305.147,1.3682,179.4,142.2,220.5,2.07944154167984
"616","Newfoundland and Labrador",2023-04-01,10968,1,10967,0.00911743253099927,99.990882567469,301.811,306.534,1.3485,180.4,143,226.2,0.693147180559945
"617","Newfoundland and Labrador",2023-05-01,9662,2,9660,0.0206996481059822,99.979300351894,302.184,307.652,1.352,182.4,143.7,216.9,1.09861228866811
"618","Newfoundland and Labrador",2023-06-01,4066,5,4061,0.122970978848992,99.877029021151,302.057,308.322,1.3288,183.2,143.7,219.3,1.79175946922805
"619","Newfoundland and Labrador",2023-07-01,8851,2,8849,0.0225963168003615,99.9774036831996,302.984,308.96,1.3215,184.1,143.8,231.4,1.09861228866811
"620","Newfoundland and Labrador",2023-08-01,9871,2,9869,0.0202613716948637,99.9797386283051,303.631,309.58,1.3485,183.6,144.3,243.8,1.09861228866811
"621","Newfoundland and Labrador",2023-09-01,59629,0,59629,0,100,303.449,310.539,1.3535,183.7,143.8,246.3,0
"622","Newfoundland and Labrador",2023-10-01,1262,0,1262,0,100,304.366,311.457,1.3717,184.1,144.1,232.9,0
"623","Newfoundland and Labrador",2023-11-01,28616,2,28614,0.00698909700866648,99.9930109029913,304.332,312.392,1.3709,184,144.5,227,1.09861228866811
"624","Newfoundland and Labrador",2023-12-01,12145,1,12144,0.00823384108686702,99.9917661589131,304.505,313.195,1.3431,185.1,144.2,222.7,0.693147180559945
"625","Newfoundland and Labrador",2024-01-01,33164,3,33161,0.00904595344349294,99.9909540465565,305.187,314.319,1.3425,186.9,144.1,218.5,1.38629436111989
"626","Newfoundland and Labrador",2024-02-01,320,2,318,0.625,99.375,305.432,315.564,1.3501,187,144.5,225.3,1.09861228866811
"627","Newfoundland and Labrador",2024-03-01,95284,0,95284,0,100,305.01,316.792,1.3539,187.4,145.9,229,0
"628","Newfoundland and Labrador",2024-04-01,53489,6320,47169,11.8155134700593,88.1844865299407,305.354,317.649,1.3674,186.8,145.6,240.7,8.7516327024723
"629","Newfoundland and Labrador",2024-05-01,51525,12472,39053,24.2057253760311,75.7942746239689,305.414,318.095,1.367,188,146.2,237.3,9.43132158712571
"630","Newfoundland and Labrador",2024-06-01,129286,18489,110797,14.3008523738069,85.6991476261931,305.582,318.39,1.3707,189,146.3,231.2,9.82498532438117
"631","Newfoundland and Labrador",2024-07-01,113315,0,113315,0,100,306.285,318.94,1.3712,189.5,146.6,234.4,0
"632","Newfoundland and Labrador",2024-08-01,123627,0,123627,0,100,306.399,319.75,1.3652,190.3,146.4,235.2,0
"633","Newfoundland and Labrador",2024-09-01,105665,2,105663,0.00189277433398003,99.998107225666,307.258,320.732,1.3546,190.7,145.7,225,1.09861228866811
"634","Newfoundland and Labrador",2024-10-01,50892,4,50888,0.00785978149807435,99.9921402185019,307.867,321.731,1.3755,189.7,145.7,227.2,1.6094379124341
"635","Newfoundland and Labrador",2024-11-01,62739,0,62739,0,100,309.093,322.657,1.3975,189.8,145.8,228.7,0
"636","Newfoundland and Labrador",2024-12-01,138745,2,138743,0.00144149338714909,99.9985585066129,309.767,323.259,1.424,184.8,145.1,228,1.09861228866811
"637","Newfoundland and Labrador",2025-01-01,41349,3,41346,0.00725531451788435,99.9927446854821,310.817,324.638,1.439,182.4,145.4,233.1,1.38629436111989
"638","Newfoundland and Labrador",2025-02-01,12,2,10,16.6666666666667,83.3333333333333,310.955,325.465,1.4301,186.8,146.2,235.3,1.09861228866811
"639","Newfoundland and Labrador",2025-03-01,4,0,4,0,100,312.154,325.69,1.4359,193,146.8,232.6,0
"640","Newfoundland and Labrador",2025-04-01,370,1,369,0.27027027027027,99.7297297297297,311.44,326.467,1.3988,194.3,147.2,217,0.693147180559945
"641","Newfoundland and Labrador",2025-05-01,425,9,416,2.11764705882353,97.8823529411765,312.296,326.893,1.386,194.7,147.8,216,2.30258509299405
"642","Newfoundland and Labrador",2025-06-01,475,1,474,0.210526315789474,99.7894736842105,312.982,327.658,1.3674,196.3,148.6,216.9,0.693147180559945
"643","Newfoundland and Labrador",2025-07-01,139586,2,139584,0.00143280844783861,99.9985671915522,313.035,328.682,1.3691,195.6,149.7,224.1,1.09861228866811
"644","Newfoundland and Labrador",2025-08-01,184288,257,184031,0.139455634658795,99.8605443653412,314.647,329.7,1.3802,196.3,149,224.6,5.55295958492162
"645","Newfoundland and Labrador",2025-09-01,175011,2,175009,0.00114278531063762,99.9988572146894,315.54,330.418,1.3833,197,148.5,227.1,1.09861228866811
"646","Newfoundland and Labrador",2025-10-01,221915,3,221912,0.00135186895883559,99.9986481310412,NA,NA,1.3992,196.1,148.9,224.5,1.38629436111989
"647","Newfoundland and Labrador",2025-11-01,105240,0,105240,0,100,315,331.043,1.4055,197.3,148.9,228.3,0
"648","Newfoundland and Labrador",2025-12-01,106055,0,106055,0,100,316.982,331.814,1.3802,197.7,149.4,220.9,0
"649","Nova Scotia",2017-01-01,2293,246,2047,10.7283035324902,89.2716964675098,237.072,250.467,1.3193,147.9,123.3,160,5.50938833662798
"650","Nova Scotia",2017-02-01,2602,331,2271,12.7209838585703,87.2790161414297,237.824,250.998,1.3107,147.4,123.6,155.3,5.80513496891649
"651","Nova Scotia",2017-03-01,7582,136,7446,1.79372197309417,98.2062780269058,238.387,250.944,1.3386,147.8,124,154.7,4.91998092582813
"652","Nova Scotia",2017-04-01,7686,255,7431,3.31772053083529,96.6822794691647,238.568,251.227,1.344,148.3,123.7,159.7,5.54517744447956
"653","Nova Scotia",2017-05-01,5453,1460,3993,26.7742527049331,73.2257472950669,238.893,251.43,1.3607,148.9,124.2,156.6,7.2868764117507
"654","Nova Scotia",2017-06-01,4222,1146,3076,27.1435338702037,72.8564661297963,238.494,251.746,1.3298,149.6,124.4,154.8,7.04490511712937
"655","Nova Scotia",2017-07-01,3564,10,3554,0.280583613916947,99.7194163860831,238.904,251.985,1.2689,148.6,124.8,153.5,2.39789527279837
"656","Nova Scotia",2017-08-01,3016,68,2948,2.25464190981432,97.7453580901857,238.804,252.535,1.2605,149.1,124.6,155.7,4.23410650459726
"657","Nova Scotia",2017-09-01,5037,333,4704,6.61107802263252,93.3889219773675,238.852,252.812,1.2283,148.4,125.2,161.3,5.8111409929767
"658","Nova Scotia",2017-10-01,9055,230,8825,2.54003313086692,97.4599668691331,239.02,253.526,1.2605,147.8,125.2,155.4,5.44241771052179
"659","Nova Scotia",2017-11-01,7655,89,7566,1.16263879817113,98.8373612018289,238.94,253.816,1.2769,148.1,125,162.3,4.49980967033027
"660","Nova Scotia",2017-12-01,2624,22,2602,0.838414634146342,99.1615853658537,239.371,254.344,1.2771,148.5,124.6,160.8,3.13549421592915
"661","Nova Scotia",2018-01-01,2648,192,2456,7.25075528700906,92.7492447129909,239.854,255.204,1.2427,148.4,124.9,166.1,5.26269018890489
"662","Nova Scotia",2018-02-01,5448,126,5322,2.31277533039648,97.6872246696035,239.187,255.711,1.2586,150,125.7,166,4.84418708645859
"663","Nova Scotia",2018-03-01,6724,168,6556,2.49851279000595,97.5014872099941,239.149,256.271,1.2932,148.7,126.7,165.9,5.12989871492307
"664","Nova Scotia",2018-04-01,4388,465,3923,10.5970829535096,89.4029170464904,239.541,256.63,1.2733,149.4,126.7,172.9,6.14418563412565
"665","Nova Scotia",2018-05-01,12300,5233,7067,42.5447154471545,57.4552845528455,238.884,257.145,1.2873,147.7,125.9,177.5,8.56293108309009
"666","Nova Scotia",2018-06-01,9323,2155,7168,23.1148771854553,76.8851228145447,239.048,257.399,1.3129,148,126.2,175.3,7.67600993202889
"667","Nova Scotia",2018-07-01,3281,371,2910,11.3075281926242,88.6924718073758,239.565,257.699,1.313,148.9,126.8,175.8,5.91889385427315
"668","Nova Scotia",2018-08-01,3553,50,3503,1.40726146918097,98.592738530819,239.795,257.891,1.3041,149.9,127.1,174.3,3.93182563272433
"669","Nova Scotia",2018-09-01,5209,10,5199,0.191975427145325,99.8080245728547,239.967,258.368,1.3037,148,126.6,173.9,2.39789527279837
"670","Nova Scotia",2018-10-01,3033,284,2749,9.3636663369601,90.6363336630399,239.558,258.917,1.301,148.9,127.8,174.5,5.65248918026865
"671","Nova Scotia",2018-11-01,4083,169,3914,4.139113397012,95.860886602988,240.227,259.439,1.32,149,127.5,165.1,5.13579843705026
"672","Nova Scotia",2018-12-01,4657,157,4500,3.37126905733305,96.6287309426669,241.137,260.063,1.3432,149.4,127.3,158.1,5.06259503302697
"673","Nova Scotia",2019-01-01,3379,275,3104,8.13850251553714,91.8614974844629,241.581,260.766,1.3301,152.1,126.9,158.2,5.62040086571715
"674","Nova Scotia",2019-02-01,2356,209,2147,8.87096774193548,91.1290322580645,242.111,261.186,1.3206,151.7,127.6,161.3,5.34710753071747
"675","Nova Scotia",2019-03-01,2974,239,2735,8.03631472763954,91.9636852723605,242.482,261.567,1.3368,151.8,128.2,169.7,5.48063892334199
"676","Nova Scotia",2019-04-01,3474,263,3211,7.57052389176742,92.4294761082326,241.219,261.997,1.3378,150.4,128.4,177.2,5.57594910314632
"677","Nova Scotia",2019-05-01,8260,2852,5408,34.5278450363196,65.4721549636804,241.642,262.217,1.3459,151.4,128.8,177.4,7.9561263512135
"678","Nova Scotia",2019-06-01,8510,5799,2711,68.1433607520564,31.8566392479436,241.214,262.739,1.3287,152.8,129,167.3,8.66561319653451
"679","Nova Scotia",2019-07-01,3568,204,3364,5.71748878923767,94.2825112107623,240.988,263.28,1.3101,154.6,129.6,171.9,5.32300997913841
"680","Nova Scotia",2019-08-01,4062,179,3883,4.40669620876416,95.5933037912358,240.943,263.877,1.3277,154.8,129.8,167.8,5.19295685089021
"681","Nova Scotia",2019-09-01,3857,178,3679,4.6149857402126,95.3850142597874,241.409,264.388,1.3241,154,130.1,166.2,5.18738580584075
"682","Nova Scotia",2019-10-01,5801,199,5602,3.4304430270643,96.5695569729357,241.999,264.97,1.319,153.2,129.6,167.9,5.29831736654804
"683","Nova Scotia",2019-11-01,7298,184,7114,2.52123869553302,97.478761304467,242.726,265.548,1.3239,154.8,129.8,168.4,5.22035582507832
"684","Nova Scotia",2019-12-01,4365,211,4154,4.83390607101947,95.1660939289805,242.887,266.02,1.3172,153.9,129.4,168,5.35658627467201
"685","Nova Scotia",2020-01-01,6336,296,6040,4.67171717171717,95.3282828282828,243.511,266.716,1.3087,156.3,129.6,168.9,5.6937321388027
"686","Nova Scotia",2020-02-01,6562,14,6548,0.213349588540079,99.7866504114599,244.2,267.37,1.3286,157,130.6,165,2.70805020110221
"687","Nova Scotia",2020-03-01,4514,342,4172,7.5764288879043,92.4235711120957,245.017,267.054,1.3953,156.2,131,147.3,5.83773044716594
"688","Nova Scotia",2020-04-01,5449,241,5208,4.42282987704166,95.5771701229583,251.063,265.746,1.4058,158.3,130.3,131.6,5.48893772615669
"689","Nova Scotia",2020-05-01,6951,217,6734,3.12185297079557,96.8781470292044,253.23,265.412,1.397,158.3,130,133.8,5.38449506278909
"690","Nova Scotia",2020-06-01,7941,83,7858,1.04520841203879,98.9547915879612,254.674,265.849,1.355,158.1,130.8,141.6,4.43081679884331
"691","Nova Scotia",2020-07-01,4654,352,4302,7.56338633433605,92.4366136656639,252.003,267.389,1.3499,158.2,130.4,147.5,5.8664680569333
"692","Nova Scotia",2020-08-01,6622,355,6267,5.36091815161583,94.6390818483842,252.148,268.422,1.3222,157.8,130,148,5.87493073085203
"693","Nova Scotia",2020-09-01,5613,270,5343,4.81026189203634,95.1897381079636,251.166,268.933,1.3228,155.9,130.4,147.5,5.6021188208797
"694","Nova Scotia",2020-10-01,4539,143,4396,3.15047367261511,96.8495263273849,251.641,269.306,1.3215,156.1,131.5,147.4,4.969813299576
"695","Nova Scotia",2020-11-01,6177,219,5958,3.54541039339485,96.4545896066051,251.365,269.981,1.3068,157.2,131.8,146,5.39362754635236
"696","Nova Scotia",2020-12-01,5382,264,5118,4.90523968784838,95.0947603121516,252.536,270.341,1.2808,156.9,131.3,151.7,5.57972982598622
"697","Nova Scotia",2021-01-01,6159,324,5835,5.26059425231369,94.7394057476863,252.541,270.387,1.2724,158.2,132.2,161.2,5.78382518232974
"698","Nova Scotia",2021-02-01,5612,147,5465,2.61938702779758,97.3806129722024,252.822,270.793,1.2699,158,132.4,167.3,4.99721227376411
"699","Nova Scotia",2021-03-01,6593,148,6445,2.24480509631427,97.7551949036857,252.933,271.459,1.2574,158.9,132.6,176.7,5.00394630594546
"700","Nova Scotia",2021-04-01,6549,299,6250,4.56558253168423,95.4344174683158,254.125,273.66,1.2496,158,133.3,176.4,5.7037824746562
"701","Nova Scotia",2021-05-01,7096,285,6811,4.0163472378805,95.9836527621195,255.043,275.465,1.2126,160.2,133.7,178.1,5.65599181081985
"702","Nova Scotia",2021-06-01,5751,202,5549,3.51243262041384,96.4875673795862,257.058,277.651,1.2219,160.6,133.6,179.4,5.31320597904179
"703","Nova Scotia",2021-07-01,3597,276,3321,7.67306088407006,92.3269391159299,258.491,278.648,1.2529,161.1,134.5,184.1,5.62401750618734
"704","Nova Scotia",2021-08-01,6407,139,6268,2.16950210707039,97.8304978929296,259.613,278.997,1.2603,162.4,134.6,183.7,4.9416424226093
"705","Nova Scotia",2021-09-01,6881,415,6466,6.03110013079494,93.9688998692051,262.459,279.698,1.2671,162.7,134.6,184.3,6.03068526026126
"706","Nova Scotia",2021-10-01,5957,281,5676,4.7171394997482,95.2828605002518,265.084,281.668,1.2437,163.2,135.3,191.8,5.64190707093811
"707","Nova Scotia",2021-11-01,8295,89,8206,1.07293550331525,98.9270644966847,267.473,283.406,1.257,163.8,135.3,192.8,4.49980967033027
"708","Nova Scotia",2021-12-01,10265,27,10238,0.263029712615684,99.7369702873843,268.985,285.18,1.2794,165.1,135,185.3,3.3322045101752
"709","Nova Scotia",2022-01-01,7530,238,7292,3.16069057104914,96.8393094289509,271.176,286.757,1.2616,167.8,135.9,195.7,5.47646355193151
"710","Nova Scotia",2022-02-01,8529,96,8433,1.12557157931762,98.8744284206824,274.728,288.273,1.2716,169.5,136.4,207.6,4.57471097850338
"711","Nova Scotia",2022-03-01,9991,195,9796,1.95175658092283,98.0482434190772,278.333,289.056,1.2658,171.1,136.9,231.4,5.27811465923052
"712","Nova Scotia",2022-04-01,9562,450,9112,4.70612842501569,95.2938715749843,281.593,290.514,1.2628,173.5,137.8,231.5,6.11146733950268
"713","Nova Scotia",2022-05-01,8226,293,7933,3.56187697544372,96.4381230245563,285.522,292.063,1.2852,174.4,139,261.4,5.68357976733868
"714","Nova Scotia",2022-06-01,9904,7,9897,0.0706785137318255,99.9293214862682,288.568,294.05,1.2814,174.8,139.9,261.6,2.07944154167984
"715","Nova Scotia",2022-07-01,7762,439,7323,5.65575882504509,94.3442411749549,292.455,295.088,1.2942,177.1,141.2,245.1,6.08677472691231
"716","Nova Scotia",2022-08-01,6696,251,6445,3.74850657108722,96.2514934289128,294.884,296.535,1.2922,177.6,141.3,229.8,5.52942908751142
"717","Nova Scotia",2022-09-01,6539,226,6313,3.45618596115614,96.5438140388439,296.403,298.226,1.3319,179.8,141.4,218.6,5.4249500174814
"718","Nova Scotia",2022-10-01,6008,235,5773,3.91145139813582,96.0885486018642,297.966,299.399,1.37,179.2,142.1,237.3,5.46383180502561
"719","Nova Scotia",2022-11-01,8328,280,8048,3.36215177713737,96.6378482228626,299.449,300.325,1.3449,182.7,142.2,248.9,5.63835466933375
"720","Nova Scotia",2022-12-01,8409,199,8210,2.36651207040076,97.6334879295992,300.576,301.394,1.3592,181.4,142.7,216.7,5.29831736654804
"721","Nova Scotia",2023-01-01,11075,245,10830,2.21218961625282,97.7878103837472,301.676,302.642,1.3422,184.7,143,218.5,5.50533153593236
"722","Nova Scotia",2023-02-01,6102,237,5865,3.88397246804326,96.1160275319567,302.444,304.123,1.345,185.8,143.8,223.5,5.47227067367148
"723","Nova Scotia",2023-03-01,13087,379,12708,2.8960036677619,97.1039963322381,301.467,305.147,1.3682,187.6,144.4,213.2,5.94017125272043
"724","Nova Scotia",2023-04-01,11828,500,11328,4.2272573554278,95.7727426445722,301.811,306.534,1.3485,188.2,144.7,220.8,6.21660610108486
"725","Nova Scotia",2023-05-01,9251,133,9118,1.43768241271214,98.5623175872879,302.184,307.652,1.352,190.1,144.8,208,4.89783979995091
"726","Nova Scotia",2023-06-01,7633,316,7317,4.13991877374558,95.8600812262544,302.057,308.322,1.3288,189.7,145.6,209.3,5.75890177387728
"727","Nova Scotia",2023-07-01,7343,187,7156,2.54664306141904,97.453356938581,302.984,308.96,1.3215,191.5,146.7,230.9,5.23644196282995
"728","Nova Scotia",2023-08-01,7640,281,7359,3.67801047120419,96.3219895287958,303.631,309.58,1.3485,190.4,147,243,5.64190707093811
"729","Nova Scotia",2023-09-01,6728,381,6347,5.66290130796671,94.3370986920333,303.449,310.539,1.3535,191,146.3,245.5,5.94542060860658
"730","Nova Scotia",2023-10-01,9431,101,9330,1.07093627399003,98.92906372601,304.366,311.457,1.3717,190.4,146.8,233.8,4.62497281328427
"731","Nova Scotia",2023-11-01,12389,640,11749,5.16587295181209,94.8341270481879,304.332,312.392,1.3709,191.8,147.4,227.8,6.46302945692067
"732","Nova Scotia",2023-12-01,9100,193,8907,2.12087912087912,97.8791208791209,304.505,313.195,1.3431,193.6,147.2,221.2,5.26785815906333
"733","Nova Scotia",2024-01-01,10142,239,9903,2.35653717215539,97.6434628278446,305.187,314.319,1.3425,194.4,146.6,224.2,5.48063892334199
"734","Nova Scotia",2024-02-01,11346,306,11040,2.6969857218403,97.3030142781597,305.432,315.564,1.3501,194.2,147.3,229.7,5.7268477475872
"735","Nova Scotia",2024-03-01,13254,577,12677,4.35340274634073,95.6465972536593,305.01,316.792,1.3539,193.2,148.3,232.2,6.35957386867238
"736","Nova Scotia",2024-04-01,12751,471,12280,3.69382793506392,96.3061720649361,305.354,317.649,1.3674,194.2,148.2,239.6,6.15697898558556
"737","Nova Scotia",2024-05-01,15761,97,15664,0.615443182539179,99.3845568174608,305.414,318.095,1.367,195.7,148.5,239.2,4.58496747867057
"738","Nova Scotia",2024-06-01,12948,446,12502,3.44454742045103,96.555452579549,305.582,318.39,1.3707,197,149.2,232.3,6.10255859461357
"739","Nova Scotia",2024-07-01,10294,376,9918,3.65261317272197,96.347386827278,306.285,318.94,1.3712,197.4,150,235.6,5.93224518744801
"740","Nova Scotia",2024-08-01,12157,366,11791,3.01061117051904,96.989388829481,306.399,319.75,1.3652,196.6,149.5,229.9,5.90536184805457
"741","Nova Scotia",2024-09-01,9057,12,9045,0.132494203378602,99.8675057966214,307.258,320.732,1.3546,196.1,149.5,218.1,2.56494935746154
"742","Nova Scotia",2024-10-01,10436,370,10066,3.54541970103488,96.4545802989651,307.867,321.731,1.3755,197.4,149.8,217.9,5.91620206260743
"743","Nova Scotia",2024-11-01,13984,374,13610,2.67448512585812,97.3255148741419,309.093,322.657,1.3975,197.4,150.3,220.9,5.92692602597041
"744","Nova Scotia",2024-12-01,14738,192,14546,1.30275478355272,98.6972452164473,309.767,323.259,1.424,191.6,149.5,219.6,5.26269018890489
"745","Nova Scotia",2025-01-01,8624,97,8527,1.1247680890538,98.8752319109462,310.817,324.638,1.439,188.7,149.7,230.8,4.58496747867057
"746","Nova Scotia",2025-02-01,7734,341,7393,4.40910266356349,95.5908973364365,310.955,325.465,1.4301,195.2,151.1,233.2,5.8348107370626
"747","Nova Scotia",2025-03-01,9333,428,8905,4.58587806707382,95.4141219329262,312.154,325.69,1.4359,199.7,152.1,227.7,6.06145691892802
"748","Nova Scotia",2025-04-01,9743,188,9555,1.92959047521297,98.070409524787,311.44,326.467,1.3988,200.6,152.1,211.8,5.24174701505964
"749","Nova Scotia",2025-05-01,16527,747,15780,4.51987656561989,95.4801234343801,312.296,326.893,1.386,201,152.7,210.7,6.61740297797448
"750","Nova Scotia",2025-06-01,16431,197,16234,1.19895319822287,98.8010468017771,312.982,327.658,1.3674,201.1,153.7,210,5.28826703069454
"751","Nova Scotia",2025-07-01,14279,196,14083,1.37264514321731,98.6273548567827,313.035,328.682,1.3691,203.4,154.3,212,5.28320372873799
"752","Nova Scotia",2025-08-01,6371,132,6239,2.07188824360383,97.9281117563962,314.647,329.7,1.3802,203.1,154.1,214.5,4.89034912822175
"753","Nova Scotia",2025-09-01,8276,328,7948,3.96326727887869,96.0367327211213,315.54,330.418,1.3833,204.2,153.8,215.7,5.79605775076537
"754","Nova Scotia",2025-10-01,10120,136,9984,1.34387351778656,98.6561264822134,NA,NA,1.3992,202.8,154.9,209.1,4.91998092582813
"755","Nova Scotia",2025-11-01,10467,43,10424,0.410814942199293,99.5891850578007,315,331.043,1.4055,204.2,154.6,214.1,3.78418963391826
"756","Nova Scotia",2025-12-01,8188,164,8024,2.00293111871031,97.9970688812897,316.982,331.814,1.3802,204.8,154.7,206.5,5.10594547390058
"757","Ontario",2017-01-01,868629,444464,424165,51.168450512244,48.831549487756,237.072,250.467,1.3193,142.1,126.1,162.9,13.0046265906784
"758","Ontario",2017-02-01,834207,422555,411652,50.653494875972,49.346505124028,237.824,250.998,1.3107,142.6,126.8,159.2,12.9540772613748
"759","Ontario",2017-03-01,935721,489235,446486,52.2842813188974,47.7157186811026,238.387,250.944,1.3386,142.4,127.2,156.9,13.1006002696215
"760","Ontario",2017-04-01,972479,527832,444647,54.2769561090779,45.7230438909221,238.568,251.227,1.344,143,127.3,165.3,13.1765352247801
"761","Ontario",2017-05-01,1003797,574437,429360,57.2264113162323,42.7735886837677,238.893,251.43,1.3607,143.6,127.6,158.2,13.2611474505168
"762","Ontario",2017-06-01,943793,557756,386037,59.0972808656135,40.9027191343865,238.494,251.746,1.3298,144.1,127.9,154.7,13.2316786626418
"763","Ontario",2017-07-01,778114,493388,284726,63.4081895454908,36.5918104545092,238.904,251.985,1.2689,145.1,127.7,151.6,13.1090531885443
"764","Ontario",2017-08-01,707470,409284,298186,57.8517817009909,42.1482182990091,238.804,252.535,1.2605,144.3,127.6,152.9,12.9221670138734
"765","Ontario",2017-09-01,696184,428359,267825,61.5295668961079,38.4704331038921,238.852,252.812,1.2283,142.8,128.1,158.5,12.9677192425148
"766","Ontario",2017-10-01,796105,454328,341777,57.0688539828289,42.9311460171711,239.02,253.526,1.2605,142,128.6,154.7,13.0265768841808
"767","Ontario",2017-11-01,867548,486551,380997,56.0834674277389,43.9165325722611,238.94,253.816,1.2769,143.3,128.4,160.1,13.0950990608161
"768","Ontario",2017-12-01,838665,431331,407334,51.4306665951244,48.5693334048756,239.371,254.344,1.2771,144.3,127.5,159.3,12.97463337418
"769","Ontario",2018-01-01,920297,439023,481274,47.7044910501718,52.2955089498282,239.854,255.204,1.2427,146.3,128.4,163.2,12.9923093602668
"770","Ontario",2018-02-01,895837,451106,444731,50.3558124971396,49.6441875028605,239.187,255.711,1.2586,146.6,129.4,162.3,13.0194598408997
"771","Ontario",2018-03-01,967410,498428,468982,51.5218986779132,48.4781013220868,239.149,256.271,1.2932,146,130.1,164.1,13.1192164309585
"772","Ontario",2018-04-01,863950,471798,392152,54.6094102667978,45.3905897332022,239.541,256.63,1.2733,147,129.9,168.2,13.0643083264113
"773","Ontario",2018-05-01,932802,533085,399717,57.1487839863122,42.8512160136878,238.884,257.145,1.2873,146.7,129.8,170.5,13.1864380409766
"774","Ontario",2018-06-01,887684,544581,343103,61.3485204194285,38.6514795805715,239.048,257.399,1.3129,148.3,130.2,168,13.2077738068945
"775","Ontario",2018-07-01,786747,493766,292981,62.7604553941737,37.2395446058263,239.565,257.699,1.313,148.9,130.9,168.6,13.1098190249845
"776","Ontario",2018-08-01,747790,424397,323393,56.7535003142594,43.2464996857406,239.795,257.891,1.3041,148.1,131.1,167.1,12.9584269731755
"777","Ontario",2018-09-01,748274,471722,276552,63.0413458171739,36.9586541828261,239.967,258.368,1.3037,146.7,130.6,164.6,13.0641472278886
"778","Ontario",2018-10-01,829452,500107,329345,60.2936637683675,39.7063362316324,239.558,258.917,1.301,146.3,131.4,160.7,13.1225793540797
"779","Ontario",2018-11-01,965569,563344,402225,58.3432152440685,41.6567847559315,240.227,259.439,1.32,148,131.1,152.4,13.2416475080759
"780","Ontario",2018-12-01,991439,533629,457810,53.8236845635485,46.1763154364515,241.137,260.063,1.3432,150.2,131,147.4,13.1874579938922
"781","Ontario",2019-01-01,993021,488944,504077,49.2380322269116,50.7619677730884,241.581,260.766,1.3301,151.6,131.2,146.2,13.1000052876937
"782","Ontario",2019-02-01,902739,452386,450353,50.1126017597556,49.8873982402444,242.111,261.186,1.3206,151.9,132.1,145.8,13.022293287179
"783","Ontario",2019-03-01,997668,511085,486583,51.2279636111412,48.7720363888588,242.482,261.567,1.3368,151.9,132.6,155.4,13.1442931524814
"784","Ontario",2019-04-01,1010169,565144,445025,55.9454903090473,44.0545096909527,241.219,261.997,1.3378,151.8,132.5,165.4,13.244837614371
"785","Ontario",2019-05-01,992682,579877,412805,58.4151823041014,41.5848176958986,241.642,262.217,1.3459,152.7,133.1,167.1,13.2705730155694
"786","Ontario",2019-06-01,952452,564927,387525,59.3129102568948,40.6870897431052,241.214,262.739,1.3287,153.7,133.1,161.1,13.2444535683799
"787","Ontario",2019-07-01,868789,516270,352519,59.4240949183288,40.5759050816712,240.988,263.28,1.3101,153.8,133.9,165.5,13.1543871003962
"788","Ontario",2019-08-01,788898,461123,327775,58.4515361935257,41.5484638064743,240.943,263.877,1.3277,153.3,133.9,160.7,13.0414222662872
"789","Ontario",2019-09-01,806477,461905,344572,57.2744170013528,42.7255829986472,241.409,264.388,1.3241,151.9,133,159.5,13.043116686159
"790","Ontario",2019-10-01,904935,504245,400690,55.7216816677441,44.2783183322559,241.999,264.97,1.319,151.4,133.7,158,13.1308195232119
"791","Ontario",2019-11-01,933100,517430,415670,55.4527917693709,44.5472082306291,242.726,265.548,1.3239,152.6,133.2,159,13.1566314618986
"792","Ontario",2019-12-01,951952,464857,487095,48.8319789233071,51.1680210766929,242.887,266.02,1.3172,154.2,133,158.7,13.0494872615886
"793","Ontario",2020-01-01,1033489,479161,554328,46.3634349277061,53.6365650722939,243.511,266.716,1.3087,155.3,133.1,158.1,13.0797940238077
"794","Ontario",2020-02-01,909358,446156,463202,49.0627453654116,50.9372546345884,244.2,267.37,1.3286,154.4,134.3,155.3,13.0084261869956
"795","Ontario",2020-03-01,1108263,569158,539105,51.3558604771611,48.6441395228389,245.017,267.054,1.3953,154.5,134.5,136.7,13.2519151116829
"796","Ontario",2020-04-01,983314,530653,452661,53.9657728863822,46.0342271136178,251.063,265.746,1.4058,156.4,134.3,125.6,13.1818654870867
"797","Ontario",2020-05-01,1018562,587843,430719,57.7130307237066,42.2869692762934,253.23,265.412,1.397,156.1,134,133.4,13.2842168855584
"798","Ontario",2020-06-01,947125,565226,381899,59.6780783951432,40.3219216048568,254.674,265.849,1.355,156.6,134.5,146.3,13.2449826993522
"799","Ontario",2020-07-01,965745,558183,407562,57.7981765372847,42.2018234627153,252.003,267.389,1.3499,157,134.3,149.6,13.2324439361121
"800","Ontario",2020-08-01,823342,496441,326901,60.2958430397089,39.7041569602911,252.148,268.422,1.3222,155.9,134.3,149.3,13.1152219379196
"801","Ontario",2020-09-01,843797,502321,341476,59.5310246421829,40.4689753578171,251.166,268.933,1.3228,154.6,134.3,147.8,13.1269966273058
"802","Ontario",2020-10-01,994058,551266,442792,55.4561202666243,44.5438797333757,251.641,269.306,1.3215,155,134.8,150.5,13.2199745442699
"803","Ontario",2020-11-01,969440,515709,453731,53.196587720746,46.803412279254,251.365,269.981,1.3068,155.3,134.9,150,13.1532998709699
"804","Ontario",2020-12-01,963072,489772,473300,50.8551800903775,49.1448199096225,252.536,270.341,1.2808,155.2,134.5,153.2,13.1016972974402
"805","Ontario",2021-01-01,1018530,489268,529262,48.0366803137856,51.9633196862144,252.541,270.387,1.2724,157.1,135.2,150.4,13.1006677194557
"806","Ontario",2021-02-01,982695,466682,516013,47.4900147044607,52.5099852955393,252.822,270.793,1.2699,157.1,135.6,156.8,13.0534055053049
"807","Ontario",2021-03-01,1102896,568798,534098,51.5731311021166,48.4268688978834,252.933,271.459,1.2574,157.6,135.9,166,13.2512823993824
"808","Ontario",2021-04-01,1075871,568967,506904,52.88431419752,47.11568580248,254.125,273.66,1.2496,157.2,136.7,170.1,13.2515794725112
"809","Ontario",2021-05-01,1101304,627154,474150,56.9464925215926,43.0535074784074,255.043,275.465,1.2126,158.1,137.3,173.2,13.3489489979954
"810","Ontario",2021-06-01,1018828,623337,395491,61.1817696411956,38.8182303588044,257.058,277.651,1.2219,158.1,137.7,174.9,13.3428441867657
"811","Ontario",2021-07-01,960351,586392,373959,61.0601748735619,38.9398251264381,258.491,278.648,1.2529,159.2,138.2,177.1,13.2817454922391
"812","Ontario",2021-08-01,876619,509852,366767,58.1611851899172,41.8388148100828,259.613,278.997,1.2603,160,138.5,177.8,13.1418777278586
"813","Ontario",2021-09-01,937667,564198,373469,60.1704016457868,39.8295983542132,262.459,279.698,1.2671,160.3,138.8,178.4,13.2431623051273
"814","Ontario",2021-10-01,1037109,582488,454621,56.1645882930338,43.8354117069662,265.084,281.668,1.2437,160.6,139.7,187.8,13.2750655801235
"815","Ontario",2021-11-01,1096148,569513,526635,51.955849027686,48.044150972314,267.473,283.406,1.257,162.8,139.7,187.9,13.2525386445347
"816","Ontario",2021-12-01,1104562,575125,529437,52.068150090262,47.931849909738,268.985,285.18,1.2794,164.1,139.9,182.8,13.2623444262087
"817","Ontario",2022-01-01,1052109,504545,547564,47.9555825489564,52.0444174510436,271.176,286.757,1.2616,166.7,140.8,187,13.1314142940047
"818","Ontario",2022-02-01,1072626,518575,554051,48.3463015067694,51.6536984932306,274.728,288.273,1.2716,168.8,141.5,197.5,13.1588418725739
"819","Ontario",2022-03-01,1276777,649958,626819,50.9061488419669,49.0938511580331,278.333,289.056,1.2658,170.5,142.7,212.4,13.3846645629593
"820","Ontario",2022-04-01,1267127,669127,598000,52.806624750321,47.193375249679,281.593,290.514,1.2628,171.6,143.3,215.5,13.4137306511528
"821","Ontario",2022-05-01,1251931,682584,569347,54.5224936518067,45.4775063481933,285.522,292.063,1.2852,173.4,144.4,234.6,13.4336423404111
"822","Ontario",2022-06-01,1190843,681107,509736,57.1953649641472,42.8046350358527,288.568,294.05,1.2814,173.2,145,239.6,13.4314761628659
"823","Ontario",2022-07-01,1099794,661639,438155,60.1602663771579,39.8397336228421,292.455,295.088,1.2942,174.6,145.8,227,13.4024768803562
"824","Ontario",2022-08-01,967508,565596,401912,58.4590515013829,41.5409484986171,294.884,296.535,1.2922,175.9,145.6,215.3,13.2456370894486
"825","Ontario",2022-09-01,1035771,600976,434795,58.0220917558032,41.9779082441968,296.403,298.226,1.3319,176.9,146.2,203.1,13.3063119432343
"826","Ontario",2022-10-01,1135192,622177,513015,54.8080853282969,45.1919146717031,297.966,299.399,1.37,176.4,146.8,216.4,13.3409815044149
"827","Ontario",2022-11-01,1206814,647546,559268,53.6574816003129,46.3425183996871,299.449,300.325,1.3449,178.8,146.9,214.3,13.3809466567941
"828","Ontario",2022-12-01,1255380,639979,615401,50.9789067851965,49.0210932148035,300.576,301.394,1.3592,180.4,146.8,197.6,13.3691922048476
"829","Ontario",2023-01-01,1252433,593316,659117,47.3730730506143,52.6269269493857,301.676,302.642,1.3422,183.5,147,203.8,13.2934841051314
"830","Ontario",2023-02-01,1172868,578500,594368,49.3235385397163,50.6764614602837,302.444,304.123,1.345,184.6,147.8,200.7,13.2681955542228
"831","Ontario",2023-03-01,1361916,679369,682547,49.8833261375885,50.1166738624115,301.467,305.147,1.3682,185.2,148.8,201,13.4289211771249
"832","Ontario",2023-04-01,1220703,643928,576775,52.7505871616601,47.2494128383399,301.811,306.534,1.3485,185.3,149.5,203.6,13.3753437505615
"833","Ontario",2023-05-01,1247155,693393,553762,55.5979810047669,44.4020189952331,302.184,307.652,1.352,187,150,202.7,13.4493536591815
"834","Ontario",2023-06-01,1247508,715387,532121,57.3452835572998,42.6547164427002,302.057,308.322,1.3288,186.5,149.7,205,13.4805803318336
"835","Ontario",2023-07-01,1023768,588421,435347,57.4760101898086,42.5239898101914,302.984,308.96,1.3215,187.2,150.9,208.2,13.2851996565414
"836","Ontario",2023-08-01,1063419,598385,465034,56.2699180661621,43.7300819338379,303.631,309.58,1.3485,187,150.9,214.4,13.3019913096468
"837","Ontario",2023-09-01,1049911,607014,442897,57.8157577166065,42.1842422833935,303.449,310.539,1.3535,186.7,150.9,211.9,13.3163087814332
"838","Ontario",2023-10-01,1175995,621756,554239,52.8706329533714,47.1293670466286,304.366,311.457,1.3717,186.5,152.2,202.3,13.3403046201467
"839","Ontario",2023-11-01,1240378,637894,602484,51.4273874576944,48.5726125423057,304.332,312.392,1.3709,187.9,152.5,200.3,13.3659289719802
"840","Ontario",2023-12-01,1176218,573334,602884,48.7438553057341,51.2561446942659,304.505,313.195,1.3431,187.8,152,196,13.259225467094
"841","Ontario",2024-01-01,1257218,573118,684100,45.586207006263,54.413792993737,305.187,314.319,1.3425,189.5,151.7,195.7,13.2588486530177
"842","Ontario",2024-02-01,1302186,597186,705000,45.8602688095249,54.1397311904751,305.432,315.564,1.3501,189.3,151.8,199.7,13.2999855761584
"843","Ontario",2024-03-01,1425964,674326,751638,47.2891321239526,52.7108678760474,305.01,316.792,1.3539,189.4,153,203.9,13.4214704354456
"844","Ontario",2024-04-01,1409910,681129,728781,48.3101049003128,51.6898950996872,305.354,317.649,1.3674,189.2,153.4,214,13.4315084626549
"845","Ontario",2024-05-01,1391826,779769,612057,56.0248910424148,43.9751089575852,305.414,318.095,1.367,190.7,154.5,212.3,13.5667542833877
"846","Ontario",2024-06-01,1274554,724636,549918,56.8540838599228,43.1459161400772,305.582,318.39,1.3707,192.3,154.3,209.3,13.4934261187947
"847","Ontario",2024-07-01,1160186,643849,516337,55.4953257494919,44.5046742505081,306.285,318.94,1.3712,192.7,154.9,213.1,13.3752210587019
"848","Ontario",2024-08-01,1107506,607351,500155,54.8395223141003,45.1604776858997,306.399,319.75,1.3652,192.4,154.6,208.2,13.3168638031171
"849","Ontario",2024-09-01,1164085,633832,530253,54.4489448794547,45.5510551205453,307.258,320.732,1.3546,192.5,154.5,198.2,13.3595407917816
"850","Ontario",2024-10-01,1380379,683139,697240,49.489234478357,50.510765521643,307.867,321.731,1.3755,193.1,155.3,199.4,13.4344550955859
"851","Ontario",2024-11-01,1376398,675514,700884,49.0783915698802,50.9216084301198,309.093,322.657,1.3975,193.9,155.1,200.1,13.4232306419093
"852","Ontario",2024-12-01,1411576,613326,798250,43.4497327809484,56.5502672190516,309.767,323.259,1.424,188.3,155,199.7,13.3266535147768
"853","Ontario",2025-01-01,1531844,655018,876826,42.7600982867707,57.2399017132293,310.817,324.638,1.439,186.1,154.9,205.4,13.3924195218303
"854","Ontario",2025-02-01,1450257,637876,812381,43.9836525526165,56.0163474473835,310.955,325.465,1.4301,190.8,156.7,204.9,13.3659007537719
"855","Ontario",2025-03-01,1595317,709331,885986,44.4633260975718,55.5366739024282,312.154,325.69,1.4359,195.3,156.5,203.3,13.4720789610745
"856","Ontario",2025-04-01,1399910,554230,845680,39.590402240144,60.409597759856,311.44,326.467,1.3988,196.3,157.3,181.8,13.2253368463317
"857","Ontario",2025-05-01,1415687,654444,761243,46.2280150909064,53.7719849090936,312.296,326.893,1.386,197.5,158.4,184.4,13.3915428271876
"858","Ontario",2025-06-01,1320811,683397,637414,51.7407108208517,48.2592891791483,312.982,327.658,1.3674,198.1,158.4,184.1,13.4348326921153
"859","Ontario",2025-07-01,1182092,611400,570692,51.7218625961431,48.2781374038569,313.035,328.682,1.3691,199.3,158.6,187.2,13.323508324028
"860","Ontario",2025-08-01,1160934,532132,628802,45.8365419567348,54.1634580432652,314.647,329.7,1.3802,199.3,158,187.8,13.184648737079
"861","Ontario",2025-09-01,1127781,523848,603933,46.4494436419837,53.5505563580163,315.54,330.418,1.3833,199.9,157.9,190.4,13.1689587538359
"862","Ontario",2025-10-01,1365996,664027,701969,48.6111965188771,51.3888034811229,NA,NA,1.3992,199.5,158.8,180.3,13.4060795962442
"863","Ontario",2025-11-01,1310834,637442,673392,48.628735598863,51.371264401137,315,331.043,1.4055,201.9,158.4,186.2,13.3652201402525
"864","Ontario",2025-12-01,1344530,575809,768721,42.8260433013767,57.1739566986233,316.982,331.814,1.3802,202.4,158.2,177.4,13.2635330241508
"865","Prince Edward Island",2017-01-01,26,26,0,100,0,237.072,250.467,1.3193,146.4,122.5,173,3.29583686600433
"866","Prince Edward Island",2017-02-01,12,12,0,100,0,237.824,250.998,1.3107,144.5,122.6,167.3,2.56494935746154
"867","Prince Edward Island",2017-03-01,16,16,0,100,0,238.387,250.944,1.3386,145.6,123.4,167.8,2.83321334405622
"868","Prince Edward Island",2017-04-01,6,1,5,16.6666666666667,83.3333333333333,238.568,251.227,1.344,146.9,123.9,170.4,0.693147180559945
"869","Prince Edward Island",2017-05-01,31,31,0,100,0,238.893,251.43,1.3607,148.2,124.2,167.3,3.46573590279973
"870","Prince Edward Island",2017-06-01,4,4,0,100,0,238.494,251.746,1.3298,147.5,124.6,165.4,1.6094379124341
"871","Prince Edward Island",2017-07-01,0,0,0,0,0,238.904,251.985,1.2689,148.9,125,160.3,0
"872","Prince Edward Island",2017-08-01,4,4,0,100,0,238.804,252.535,1.2605,148.1,124.9,164.8,1.6094379124341
"873","Prince Edward Island",2017-09-01,3,3,0,100,0,238.852,252.812,1.2283,146.2,124.6,172.1,1.38629436111989
"874","Prince Edward Island",2017-10-01,0,0,0,0,0,239.02,253.526,1.2605,146.4,124.5,169.3,0
"875","Prince Edward Island",2017-11-01,4,4,0,100,0,238.94,253.816,1.2769,147.7,124.9,177.6,1.6094379124341
"876","Prince Edward Island",2017-12-01,4,4,0,100,0,239.371,254.344,1.2771,145.4,123.8,176.6,1.6094379124341
"877","Prince Edward Island",2018-01-01,0,0,0,0,0,239.854,255.204,1.2427,146.2,124.4,180.9,0
"878","Prince Edward Island",2018-02-01,16,16,0,100,0,239.187,255.711,1.2586,147.5,125.5,180.3,2.83321334405622
"879","Prince Edward Island",2018-03-01,17,17,0,100,0,239.149,256.271,1.2932,146.2,125.8,182.5,2.89037175789616
"880","Prince Edward Island",2018-04-01,0,0,0,0,0,239.541,256.63,1.2733,147.1,125.7,188.4,0
"881","Prince Edward Island",2018-05-01,22,22,0,100,0,238.884,257.145,1.2873,145.6,125.6,195.3,3.13549421592915
"882","Prince Edward Island",2018-06-01,4,4,0,100,0,239.048,257.399,1.3129,147.7,126.3,195.5,1.6094379124341
"883","Prince Edward Island",2018-07-01,0,0,0,0,0,239.565,257.699,1.313,149.9,127.1,192.1,0
"884","Prince Edward Island",2018-08-01,3,3,0,100,0,239.795,257.891,1.3041,149.4,127.1,187.9,1.38629436111989
"885","Prince Edward Island",2018-09-01,0,0,0,0,0,239.967,258.368,1.3037,146.6,125.7,187.6,0
"886","Prince Edward Island",2018-10-01,1,1,0,100,0,239.558,258.917,1.301,147.2,126.3,191.3,0.693147180559945
"887","Prince Edward Island",2018-11-01,8,8,0,100,0,240.227,259.439,1.32,148.2,125.9,183.5,2.19722457733622
"888","Prince Edward Island",2018-12-01,10,10,0,100,0,241.137,260.063,1.3432,149,126.2,170.3,2.39789527279837
"889","Prince Edward Island",2019-01-01,0,0,0,0,0,241.581,260.766,1.3301,151.3,126,164,0
"890","Prince Edward Island",2019-02-01,12,12,0,100,0,242.111,261.186,1.3206,150.2,126.9,169.1,2.56494935746154
"891","Prince Edward Island",2019-03-01,26,26,0,100,0,242.482,261.567,1.3368,151,127.2,177.9,3.29583686600433
"892","Prince Edward Island",2019-04-01,7,0,7,0,100,241.219,261.997,1.3378,150.4,127.2,188,0
"893","Prince Edward Island",2019-05-01,8,7,1,87.5,12.5,241.642,262.217,1.3459,150.2,127.4,192.2,2.07944154167984
"894","Prince Edward Island",2019-06-01,5,5,0,100,0,241.214,262.739,1.3287,152.8,128,179.3,1.79175946922805
"895","Prince Edward Island",2019-07-01,37,36,1,97.2972972972973,2.7027027027027,240.988,263.28,1.3101,155.4,128.9,184.6,3.61091791264422
"896","Prince Edward Island",2019-08-01,3,3,0,100,0,240.943,263.877,1.3277,155.5,128.7,177.7,1.38629436111989
"897","Prince Edward Island",2019-09-01,0,0,0,0,0,241.409,264.388,1.3241,154.8,128,178.2,0
"898","Prince Edward Island",2019-10-01,4,4,0,100,0,241.999,264.97,1.319,153.4,128.4,179.6,1.6094379124341
"899","Prince Edward Island",2019-11-01,12,0,12,0,100,242.726,265.548,1.3239,156,128.6,180,0
"900","Prince Edward Island",2019-12-01,0,0,0,0,0,242.887,266.02,1.3172,154,128.2,180.1,0
"901","Prince Edward Island",2020-01-01,0,0,0,0,0,243.511,266.716,1.3087,157.4,128.2,181.5,0
"902","Prince Edward Island",2020-02-01,2,2,0,100,0,244.2,267.37,1.3286,156.5,129.2,172.3,1.09861228866811
"903","Prince Edward Island",2020-03-01,0,0,0,0,0,245.017,267.054,1.3953,157.7,129.2,153.5,0
"904","Prince Edward Island",2020-04-01,0,0,0,0,0,251.063,265.746,1.4058,160.4,128.8,134.4,0
"905","Prince Edward Island",2020-05-01,12,0,12,0,100,253.23,265.412,1.397,160.2,128.9,134.9,0
"906","Prince Edward Island",2020-06-01,0,0,0,0,0,254.674,265.849,1.355,159.4,129.7,145.6,0
"907","Prince Edward Island",2020-07-01,0,0,0,0,0,252.003,267.389,1.3499,161.7,129.4,153.6,0
"908","Prince Edward Island",2020-08-01,0,0,0,0,0,252.148,268.422,1.3222,160.1,129.8,153.4,0
"909","Prince Edward Island",2020-09-01,0,0,0,0,0,251.166,268.933,1.3228,158.6,130,152.4,0
"910","Prince Edward Island",2020-10-01,3,3,0,100,0,251.641,269.306,1.3215,158.7,130.4,153.4,1.38629436111989
"911","Prince Edward Island",2020-11-01,0,0,0,0,0,251.365,269.981,1.3068,159.1,130.3,150.9,0
"912","Prince Edward Island",2020-12-01,5,5,0,100,0,252.536,270.341,1.2808,158.9,129.3,158.1,1.79175946922805
"913","Prince Edward Island",2021-01-01,13,13,0,100,0,252.541,270.387,1.2724,160.7,130.2,165.4,2.63905732961526
"914","Prince Edward Island",2021-02-01,14,14,0,100,0,252.822,270.793,1.2699,161.2,130.7,173,2.70805020110221
"915","Prince Edward Island",2021-03-01,36,36,0,100,0,252.933,271.459,1.2574,163.3,130.7,184.9,3.61091791264422
"916","Prince Edward Island",2021-04-01,0,0,0,0,0,254.125,273.66,1.2496,161.6,132.2,187,0
"917","Prince Edward Island",2021-05-01,0,0,0,0,0,255.043,275.465,1.2126,163.8,132.7,190.9,0
"918","Prince Edward Island",2021-06-01,0,0,0,0,0,257.058,277.651,1.2219,162.3,133.3,194,0
"919","Prince Edward Island",2021-07-01,0,0,0,0,0,258.491,278.648,1.2529,164.6,134.6,200.9,0
"920","Prince Edward Island",2021-08-01,29,29,0,100,0,259.613,278.997,1.2603,165.4,134.8,201.9,3.40119738166216
"921","Prince Edward Island",2021-09-01,11,0,11,0,100,262.459,279.698,1.2671,166.6,134.4,203.4,0
"922","Prince Edward Island",2021-10-01,27,16,11,59.2592592592593,40.7407407407407,265.084,281.668,1.2437,165.7,134.6,214.8,2.83321334405622
"923","Prince Edward Island",2021-11-01,0,0,0,0,0,267.473,283.406,1.257,166.6,134.6,216,0
"924","Prince Edward Island",2021-12-01,0,0,0,0,0,268.985,285.18,1.2794,168.7,134.6,202.8,0
"925","Prince Edward Island",2022-01-01,36,36,0,100,0,271.176,286.757,1.2616,171.3,135.3,221.2,3.61091791264422
"926","Prince Edward Island",2022-02-01,0,0,0,0,0,274.728,288.273,1.2716,172.6,136.1,231.3,0
"927","Prince Edward Island",2022-03-01,7,0,7,0,100,278.333,289.056,1.2658,175.7,137.1,262.2,0
"928","Prince Edward Island",2022-04-01,8,0,8,0,100,281.593,290.514,1.2628,178.5,138.2,262.8,0
"929","Prince Edward Island",2022-05-01,0,0,0,0,0,285.522,292.063,1.2852,179.2,139.2,311.6,0
"930","Prince Edward Island",2022-06-01,0,0,0,0,0,288.568,294.05,1.2814,179.2,140.2,305.9,0
"931","Prince Edward Island",2022-07-01,0,0,0,0,0,292.455,295.088,1.2942,182.1,141.2,285.3,0
"932","Prince Edward Island",2022-08-01,6,6,0,100,0,294.884,296.535,1.2922,183.2,141.2,263.2,1.94591014905531
"933","Prince Edward Island",2022-09-01,0,0,0,0,0,296.403,298.226,1.3319,184.2,141.9,253.1,0
"934","Prince Edward Island",2022-10-01,0,0,0,0,0,297.966,299.399,1.37,184.7,141.7,276.4,0
"935","Prince Edward Island",2022-11-01,0,0,0,0,0,299.449,300.325,1.3449,187.2,142.2,288.8,0
"936","Prince Edward Island",2022-12-01,0,0,0,0,0,300.576,301.394,1.3592,185,141.7,247.7,0
"937","Prince Edward Island",2023-01-01,0,0,0,0,0,301.676,302.642,1.3422,188.6,142,255.2,0
"938","Prince Edward Island",2023-02-01,19,19,0,100,0,302.444,304.123,1.345,190,143,260.1,2.99573227355399
"939","Prince Edward Island",2023-03-01,3,3,0,100,0,301.467,305.147,1.3682,191.3,143.2,244.1,1.38629436111989
"940","Prince Edward Island",2023-04-01,0,0,0,0,0,301.811,306.534,1.3485,193.2,144.1,242.9,0
"941","Prince Edward Island",2023-05-01,2,0,2,0,100,302.184,307.652,1.352,194.7,144.4,229.6,0
"942","Prince Edward Island",2023-06-01,0,0,0,0,0,302.057,308.322,1.3288,193.6,144,232.2,0
"943","Prince Edward Island",2023-07-01,0,0,0,0,0,302.984,308.96,1.3215,197.2,145.3,252.4,0
"944","Prince Edward Island",2023-08-01,0,0,0,0,0,303.631,309.58,1.3485,195.9,145.3,271.8,0
"945","Prince Edward Island",2023-09-01,0,0,0,0,0,303.449,310.539,1.3535,196.6,143.7,273.5,0
"946","Prince Edward Island",2023-10-01,0,0,0,0,0,304.366,311.457,1.3717,196.5,144.7,255.8,0
"947","Prince Edward Island",2023-11-01,0,0,0,0,0,304.332,312.392,1.3709,197.1,144.6,247.5,0
"948","Prince Edward Island",2023-12-01,0,0,0,0,0,304.505,313.195,1.3431,198.1,144.7,243.9,0
"949","Prince Edward Island",2024-01-01,0,0,0,0,0,305.187,314.319,1.3425,198.6,144.3,241.6,0
"950","Prince Edward Island",2024-02-01,0,0,0,0,0,305.432,315.564,1.3501,200.1,145.1,247.3,0
"951","Prince Edward Island",2024-03-01,0,0,0,0,0,305.01,316.792,1.3539,199.9,146.2,249.7,0
"952","Prince Edward Island",2024-04-01,0,0,0,0,0,305.354,317.649,1.3674,200.6,146.8,257,0
"953","Prince Edward Island",2024-05-01,3,0,3,0,100,305.414,318.095,1.367,201.6,147.4,256.5,0
"954","Prince Edward Island",2024-06-01,137,137,0,100,0,305.582,318.39,1.3707,203.4,147.5,249.7,4.92725368515721
"955","Prince Edward Island",2024-07-01,0,0,0,0,0,306.285,318.94,1.3712,204.3,147.7,256.2,0
"956","Prince Edward Island",2024-08-01,1,0,1,0,100,306.399,319.75,1.3652,202.6,148.2,249.4,0
"957","Prince Edward Island",2024-09-01,1,0,1,0,100,307.258,320.732,1.3546,202.7,147.5,234.3,0
"958","Prince Edward Island",2024-10-01,73,73,0,100,0,307.867,321.731,1.3755,203.3,147.3,238.1,4.30406509320417
"959","Prince Edward Island",2024-11-01,291,291,0,100,0,309.093,322.657,1.3975,203.7,147.4,242.2,5.67675380226828
"960","Prince Edward Island",2024-12-01,0,0,0,0,0,309.767,323.259,1.424,195.2,146.4,238.7,0
"961","Prince Edward Island",2025-01-01,122,121,1,99.1803278688525,0.819672131147541,310.817,324.638,1.439,192.7,147,254.6,4.80402104473326
"962","Prince Edward Island",2025-02-01,0,0,0,0,0,310.955,325.465,1.4301,199.2,148.5,256.8,0
"963","Prince Edward Island",2025-03-01,0,0,0,0,0,312.154,325.69,1.4359,207.2,148.7,245.5,0
"964","Prince Edward Island",2025-04-01,1,0,1,0,100,311.44,326.467,1.3988,207,149.3,224.9,0
"965","Prince Edward Island",2025-05-01,106,101,5,95.2830188679245,4.71698113207547,312.296,326.893,1.386,208.5,149.9,223.5,4.62497281328427
"966","Prince Edward Island",2025-06-01,0,0,0,0,0,312.982,327.658,1.3674,209.6,150,223.5,0
"967","Prince Edward Island",2025-07-01,0,0,0,0,0,313.035,328.682,1.3691,211.1,151.1,226.5,0
"968","Prince Edward Island",2025-08-01,0,0,0,0,0,314.647,329.7,1.3802,211.4,150.3,227.9,0
"969","Prince Edward Island",2025-09-01,64,64,0,100,0,315.54,330.418,1.3833,211.6,149.5,231,4.17438726989564
"970","Prince Edward Island",2025-10-01,43,43,0,100,0,NA,NA,1.3992,210.7,149.7,225.1,3.78418963391826
"971","Prince Edward Island",2025-11-01,76,76,0,100,0,315,331.043,1.4055,212.2,149.7,228.8,4.34380542185368
"972","Prince Edward Island",2025-12-01,0,0,0,0,0,316.982,331.814,1.3802,210.3,150.4,221.4,0
"973","Quebec",2017-01-01,224722,36261,188461,16.1359368464147,83.8640631535853,237.072,250.467,1.3193,143.3,119.3,145.6,10.4985256399858
"974","Quebec",2017-02-01,268385,35254,233131,13.1356074296254,86.8643925703746,237.824,250.998,1.3107,142.9,120.1,143.4,10.4703626421531
"975","Quebec",2017-03-01,249823,38280,211543,15.3228485767924,84.6771514232076,238.387,250.944,1.3386,143.3,120.3,142.3,10.5527089685277
"976","Quebec",2017-04-01,228154,40254,187900,17.6433461609264,82.3566538390736,238.568,251.227,1.344,143.4,120.1,148.5,10.6029894987341
"977","Quebec",2017-05-01,266087,48602,217485,18.2654545317885,81.7345454682115,238.893,251.43,1.3607,144.4,120.3,145.2,10.7914405363785
"978","Quebec",2017-06-01,212638,40483,172155,19.0384597296814,80.9615402703186,238.494,251.746,1.3298,145,120,142.1,10.6086621133088
"979","Quebec",2017-07-01,216013,32707,183306,15.1412183525991,84.8587816474008,238.904,251.985,1.2689,145.1,119.9,141.9,10.3953749752819
"980","Quebec",2017-08-01,173108,26978,146130,15.5844906070199,84.4155093929801,238.804,252.535,1.2605,144.2,119.9,144.7,10.2028140645826
"981","Quebec",2017-09-01,178566,25738,152828,14.4137181770326,85.5862818229674,238.852,252.812,1.2283,142.7,120.2,150.5,10.1557626303566
"982","Quebec",2017-10-01,217733,29488,188245,13.543192809542,86.456807190458,239.02,253.526,1.2605,142.2,120.8,146.2,10.2917725914344
"983","Quebec",2017-11-01,248097,31996,216101,12.8965686807982,87.1034313192018,238.94,253.816,1.2769,143.7,120.6,151.6,10.3733974273871
"984","Quebec",2017-12-01,198291,34484,163807,17.3906027000721,82.6093972999279,239.371,254.344,1.2771,144.3,120.4,149.4,10.4482797258654
"985","Quebec",2018-01-01,248353,33638,214715,13.5444307095143,86.4555692904857,239.854,255.204,1.2427,145,120.4,152.7,10.423441387129
"986","Quebec",2018-02-01,259099,33427,225672,12.901246241784,87.098753758216,239.187,255.711,1.2586,145.2,121.3,152.7,10.4171491511213
"987","Quebec",2018-03-01,231915,37409,194506,16.1304788392299,83.8695211607701,239.149,256.271,1.2932,144.4,121.6,154.7,10.5296933273422
"988","Quebec",2018-04-01,321992,36753,285239,11.4142587393476,88.5857412606524,239.541,256.63,1.2733,144.7,121.7,158.9,10.5120023422554
"989","Quebec",2018-05-01,248779,44239,204540,17.7824494832763,82.2175505167237,238.884,257.145,1.2873,144.6,121.7,162.1,10.6973846361962
"990","Quebec",2018-06-01,248532,44843,203689,18.043149373119,81.956850626881,239.048,257.399,1.3129,145.7,121.4,159.8,10.7109450792735
"991","Quebec",2018-07-01,225634,35392,190242,15.6855793009919,84.3144206990081,239.565,257.699,1.313,145.9,122.1,159,10.4742693394557
"992","Quebec",2018-08-01,173757,35430,138327,20.3905454168753,79.6094545831247,239.795,257.891,1.3041,144.9,122.2,158.9,10.4753424221296
"993","Quebec",2018-09-01,208337,31072,177265,14.9142975083639,85.0857024916362,239.967,258.368,1.3037,144.2,122,159.3,10.3440945538893
"994","Quebec",2018-10-01,202287,39495,162792,19.5242403120319,80.4757596879681,239.558,258.917,1.301,143.8,122.4,156,10.5839546799387
"995","Quebec",2018-11-01,216355,53119,163236,24.5517783272862,75.4482216727138,240.227,259.439,1.32,145.6,122,148,10.8803087841503
"996","Quebec",2018-12-01,228865,38705,190160,16.9117165141022,83.0882834858978,241.137,260.063,1.3432,147.2,122.2,143.1,10.5637499057603
"997","Quebec",2019-01-01,250838,37827,213011,15.0802509986525,84.9197490013475,241.581,260.766,1.3301,147.8,122.4,142.1,10.5408048481354
"998","Quebec",2019-02-01,234405,37376,197029,15.9450523666304,84.0549476333696,242.111,261.186,1.3206,149,123.5,142.7,10.528810820967
"999","Quebec",2019-03-01,266914,36450,230464,13.6560839821066,86.3439160178934,242.482,261.567,1.3368,148.8,124,150.6,10.5037241719027
"1000","Quebec",2019-04-01,274228,39743,234485,14.4926849191184,85.5073150808816,241.219,261.997,1.3378,148.2,124.3,155.9,10.5902141652932
"1001","Quebec",2019-05-01,274067,44054,230013,16.07417164416,83.92582835584,241.642,262.217,1.3459,148.9,125.1,158,10.6931941323008
"1002","Quebec",2019-06-01,232641,64544,168097,27.7440348004006,72.2559651995994,241.214,262.739,1.3287,149.9,124.8,152,11.0751179339408
"1003","Quebec",2019-07-01,197185,37244,159941,18.8878464386236,81.1121535613764,240.988,263.28,1.3101,150.8,125.3,154.6,10.5252729866104
"1004","Quebec",2019-08-01,199924,29578,170346,14.7946219563434,85.2053780436566,240.943,263.877,1.3277,149.9,125.5,150,10.2948199290672
"1005","Quebec",2019-09-01,172750,32051,140699,18.5534008683068,81.4465991316932,241.409,264.388,1.3241,149,125.5,148.6,10.375114862898
"1006","Quebec",2019-10-01,198784,34350,164434,17.2800627817128,82.7199372182872,241.999,264.97,1.319,148.6,126,148.6,10.4443864093083
"1007","Quebec",2019-11-01,176591,31159,145432,17.6447270812216,82.3552729187784,242.726,265.548,1.3239,150.6,125.6,148.4,10.3468904999847
"1008","Quebec",2019-12-01,256536,35174,221362,13.7111360588767,86.2888639411233,242.887,266.02,1.3172,151.4,125.4,147.9,10.4680908819826
"1009","Quebec",2020-01-01,247038,38240,208798,15.4793999303751,84.5206000696249,243.511,266.716,1.3087,152.6,125.4,147.7,10.551663517451
"1010","Quebec",2020-02-01,198858,35102,163756,17.6517917307828,82.3482082692172,244.2,267.37,1.3286,152.6,126.4,145.6,10.4660418758871
"1011","Quebec",2020-03-01,212623,46192,166431,21.7248369179252,78.2751630820749,245.017,267.054,1.3953,151.6,126.5,134.8,10.7405835504387
"1012","Quebec",2020-04-01,243811,40294,203517,16.5267358732789,83.4732641267211,251.063,265.746,1.4058,153.9,125.9,123,10.6039826707586
"1013","Quebec",2020-05-01,203343,48840,154503,24.0185302665939,75.9814697334061,253.23,265.412,1.397,154,125.6,129.3,10.7963254030355
"1014","Quebec",2020-06-01,192066,45070,146996,23.4658919329814,76.5341080670186,254.674,265.849,1.355,154.7,126.2,135.2,10.7159943031466
"1015","Quebec",2020-07-01,234068,44477,189591,19.0017430832066,80.9982569167934,252.003,267.389,1.3499,154.9,126.1,138.7,10.7027499638848
"1016","Quebec",2020-08-01,195275,37954,157321,19.4361797465113,80.5638202534887,252.148,268.422,1.3222,153.4,126.4,138.1,10.5441565264509
"1017","Quebec",2020-09-01,220829,37451,183378,16.9592761820232,83.0407238179768,251.166,268.933,1.3228,151.5,126.4,137.1,10.5308153920588
"1018","Quebec",2020-10-01,212926,40436,172490,18.9906352441693,81.0093647558307,251.641,269.306,1.3215,152.9,127,135.5,10.6075004864064
"1019","Quebec",2020-11-01,251886,54933,196953,21.8086753531359,78.1913246468641,251.365,269.981,1.3068,153.4,127.4,135.2,10.9138877436381
"1020","Quebec",2020-12-01,230044,32481,197563,14.1194727965085,85.8805272034915,252.536,270.341,1.2808,153.3,127,138.9,10.3884413687345
"1021","Quebec",2021-01-01,244483,36784,207699,15.0456268943035,84.9543731056965,252.541,270.387,1.2724,154.3,127.5,143.1,10.5128454323664
"1022","Quebec",2021-02-01,200481,30979,169502,15.4523371292043,84.5476628707957,252.822,270.793,1.2699,156.1,128.1,147.8,10.3410971139709
"1023","Quebec",2021-03-01,289607,36769,252838,12.6961710179657,87.3038289820343,252.933,271.459,1.2574,154.3,128.2,152.7,10.5124375742953
"1024","Quebec",2021-04-01,215040,46264,168776,21.5141369047619,78.4858630952381,254.125,273.66,1.2496,155,129.1,153.1,10.7421410146831
"1025","Quebec",2021-05-01,218061,59175,158886,27.1369020595155,72.8630979404846,255.043,275.465,1.2126,155.9,130.1,156.7,10.9882713332677
"1026","Quebec",2021-06-01,243938,49882,194056,20.4486385884938,79.5513614115062,257.058,277.651,1.2219,156.1,130.3,158.5,10.8174355423318
"1027","Quebec",2021-07-01,216565,42602,173963,19.6716921016785,80.3283078983215,258.491,278.648,1.2529,157.5,130.9,160.8,10.6596799523131
"1028","Quebec",2021-08-01,211282,29982,181300,14.1905131530372,85.8094868469628,259.613,278.997,1.2603,157.3,131.1,162.4,10.3083858333614
"1029","Quebec",2021-09-01,203723,31138,172585,15.2844794156772,84.7155205843228,262.459,279.698,1.2671,157.6,131.6,164.1,10.3462163318345
"1030","Quebec",2021-10-01,240466,36388,204078,15.1322848136535,84.8677151863465,265.084,281.668,1.2437,159.1,132.1,169.1,10.5020218101517
"1031","Quebec",2021-11-01,254486,39109,215377,15.3678394882233,84.6321605117767,267.473,283.406,1.257,160.4,132.1,170.9,10.5741334677496
"1032","Quebec",2021-12-01,255267,42706,212561,16.7299337556363,83.2700662443637,268.985,285.18,1.2794,161.3,131.8,168,10.6621181202072
"1033","Quebec",2022-01-01,302607,36771,265836,12.151404296662,87.848595703338,271.176,286.757,1.2616,162.9,132.3,171.9,10.5124919649836
"1034","Quebec",2022-02-01,305312,42289,263023,13.8510769311393,86.1489230688607,274.728,288.273,1.2716,166,133,180.2,10.6523059304665
"1035","Quebec",2022-03-01,363921,46314,317607,12.7263884194647,87.2736115805353,278.333,289.056,1.2658,166.5,134.2,194.2,10.7432211616881
"1036","Quebec",2022-04-01,313639,49694,263945,15.8443305838878,84.1556694161122,281.593,290.514,1.2628,169.2,134.9,195.1,10.8136596034021
"1037","Quebec",2022-05-01,315860,54547,261313,17.2693598429684,82.7306401570316,285.522,292.063,1.2852,170.5,135.9,214.3,10.9068363269777
"1038","Quebec",2022-06-01,412180,51304,360876,12.4469891794847,87.5530108205153,288.568,294.05,1.2814,171.1,136.6,221.5,10.8455434922963
"1039","Quebec",2022-07-01,299086,44930,254156,15.0224350186903,84.9775649813097,292.455,295.088,1.2942,171.5,137.3,209,10.7128832586605
"1040","Quebec",2022-08-01,321172,35538,285634,11.0650990746391,88.9349009253609,294.884,296.535,1.2922,173,137.8,198.5,10.4783859640027
"1041","Quebec",2022-09-01,288280,39316,248964,13.6381295962259,86.3618704037741,296.403,298.226,1.3319,175,138.1,184.1,10.5794122743005
"1042","Quebec",2022-10-01,280636,37569,243067,13.3870921763423,86.6129078236577,297.966,299.399,1.37,176.4,138.4,191.3,10.533961138568
"1043","Quebec",2022-11-01,331477,44604,286873,13.456137228224,86.543862771776,299.449,300.325,1.3449,178.7,138.9,195.1,10.7056012393479
"1044","Quebec",2022-12-01,335663,41211,294452,12.2774926041893,87.7225073958107,300.576,301.394,1.3592,178.1,138.7,179,10.626484755065
"1045","Quebec",2023-01-01,427164,44610,382554,10.4432957833525,89.5567042166475,301.676,302.642,1.3422,181.3,138.9,183.7,10.7057357443696
"1046","Quebec",2023-02-01,277000,33971,243029,12.2638989169675,87.7361010830325,302.444,304.123,1.345,182.7,139.7,181,10.4332919348999
"1047","Quebec",2023-03-01,345052,42447,302605,12.3016241030337,87.6983758969663,301.467,305.147,1.3682,183.3,140.4,180.7,10.6560350763775
"1048","Quebec",2023-04-01,347306,39680,307626,11.4250833558879,88.5749166441121,301.811,306.534,1.3485,185,141.2,186.9,10.5886277626942
"1049","Quebec",2023-05-01,331727,51188,280539,15.430760836471,84.569239163529,302.184,307.652,1.352,185.9,142.4,186.3,10.8432799441954
"1050","Quebec",2023-06-01,352154,46548,305606,13.218080726046,86.781919273954,302.057,308.322,1.3288,187.4,142.6,188.4,10.7482608001973
"1051","Quebec",2023-07-01,299576,36655,262921,12.2356263519107,87.7643736480893,302.984,308.96,1.3215,187.6,142.9,189.6,10.5093324046933
"1052","Quebec",2023-08-01,329938,40016,289922,12.1283392637405,87.8716607362595,303.631,309.58,1.3485,187.1,143.7,196.7,10.5970596428092
"1053","Quebec",2023-09-01,363523,36866,326657,10.1413115538769,89.8586884461231,303.449,310.539,1.3535,186.8,143.7,196.6,10.5150721209527
"1054","Quebec",2023-10-01,415799,36845,378954,8.86125267256535,91.1387473274347,304.366,311.457,1.3717,186.9,144.3,189.3,10.5145023435575
"1055","Quebec",2023-11-01,362341,45350,316991,12.51583453156,87.4841654684399,304.332,312.392,1.3709,187.6,144.6,185.2,10.7221875060168
"1056","Quebec",2023-12-01,410200,46036,364164,11.2228181374939,88.7771818625061,304.505,313.195,1.3431,188.2,144,182,10.737200699983
"1057","Quebec",2024-01-01,341861,41367,300494,12.1005320876029,87.8994679123971,305.187,314.319,1.3425,188.9,143.7,181,10.6302629140761
"1058","Quebec",2024-02-01,390058,41383,348675,10.609447825708,89.390552174292,305.432,315.564,1.3501,189,144.4,184.2,10.6306496116834
"1059","Quebec",2024-03-01,365050,48522,316528,13.2918778249555,86.7081221750445,305.01,316.792,1.3539,188.6,145.8,184.9,10.7897931913197
"1060","Quebec",2024-04-01,345191,57349,287842,16.6137008207051,83.3862991792949,305.354,317.649,1.3674,188.3,145.6,194.9,10.9569281225575
"1061","Quebec",2024-05-01,464818,57371,407447,12.3426803609155,87.6573196390845,305.414,318.095,1.367,190.1,146.7,194.5,10.9573116584141
"1062","Quebec",2024-06-01,442107,62558,379549,14.1499682203629,85.8500317796371,305.582,318.39,1.3707,189.6,146.4,189.5,11.0438653904367
"1063","Quebec",2024-07-01,341943,54385,287558,15.9046975665535,84.0953024334465,306.285,318.94,1.3712,190.3,146.5,192.4,10.9038620467819
"1064","Quebec",2024-08-01,398428,50974,347454,12.7937795536458,87.2062204463542,306.399,319.75,1.3652,190.4,146.6,188.2,10.8390905954427
"1065","Quebec",2024-09-01,327311,59107,268204,18.058360397298,81.941639602702,307.258,320.732,1.3546,190.2,146.9,179.2,10.9871215580235
"1066","Quebec",2024-10-01,378670,45313,333357,11.9663559299654,88.0336440700346,307.867,321.731,1.3755,188.9,147.8,178.7,10.7213713144974
"1067","Quebec",2024-11-01,437757,51877,385880,11.8506385962989,88.1493614037011,309.093,322.657,1.3975,190.6,147.2,180.4,10.8566500871861
"1068","Quebec",2024-12-01,476766,51320,425446,10.7641903994832,89.2358096005168,309.767,323.259,1.424,189.6,147,180.3,10.8458553041204
"1069","Quebec",2025-01-01,450446,62810,387636,13.9439577663027,86.0560422336973,310.817,324.638,1.439,189.2,146.9,184.6,11.0478854963534
"1070","Quebec",2025-02-01,518883,63868,455015,12.3087478294722,87.6912521705278,310.955,325.465,1.4301,191.2,147.8,184,11.0645893896302
"1071","Quebec",2025-03-01,536887,66265,470622,12.342448224673,87.657551775327,312.154,325.69,1.4359,194.7,148.7,181.6,11.1014322241237
"1072","Quebec",2025-04-01,481584,38815,442769,8.05986079271737,91.9401392072826,311.44,326.467,1.3988,194.8,149.5,182.6,10.5665878117438
"1073","Quebec",2025-05-01,453659,50618,403041,11.157719785125,88.842280214875,312.296,326.893,1.386,195.9,149.9,182.3,10.8320822788664
"1074","Quebec",2025-06-01,458555,51064,407491,11.1358506613165,88.8641493386835,312.982,327.658,1.3674,195.4,150.2,181.5,10.8408546100122
"1075","Quebec",2025-07-01,473847,39290,434557,8.29170597260297,91.708294027397,313.035,328.682,1.3691,196.6,150.7,180.8,10.5787507639975
"1076","Quebec",2025-08-01,438596,34744,403852,7.92164087223778,92.0783591277622,314.647,329.7,1.3802,196.6,151,181.9,10.4557909557484
"1077","Quebec",2025-09-01,356683,36764,319919,10.3071915398267,89.6928084601733,315.54,330.418,1.3833,196.5,151.7,185.8,10.5123015846303
"1078","Quebec",2025-10-01,419127,36575,382552,8.72647192855626,91.2735280714437,NA,NA,1.3992,195.5,152.5,180.3,10.5071475665945
"1079","Quebec",2025-11-01,487211,33196,454015,6.81347506521815,93.1865249347818,315,331.043,1.4055,198.6,151.5,182.1,10.410214789376
"1080","Quebec",2025-12-01,348653,37867,310786,10.8609419680886,89.1390580319114,316.982,331.814,1.3802,199.3,151.7,176.4,10.5418617072488
"1081","Saskatchewan",2017-01-01,30650,21940,8710,71.5823817292006,28.4176182707993,237.072,250.467,1.3193,142.3,130,140.1,9.99611231164195
"1082","Saskatchewan",2017-02-01,27300,21069,6231,77.1758241758242,22.8241758241758,237.824,250.998,1.3107,142.2,130.3,134.8,9.95560550679823
"1083","Saskatchewan",2017-03-01,31249,22678,8571,72.5719223015137,27.4280776984864,238.387,250.944,1.3386,143.4,130.2,134.3,10.0291946651589
"1084","Saskatchewan",2017-04-01,28507,20568,7939,72.1506998281124,27.8493001718876,238.568,251.227,1.344,146.7,130.7,139.9,9.93154036697816
"1085","Saskatchewan",2017-05-01,29434,21498,7936,73.0379832846368,26.9620167153632,238.893,251.43,1.3607,146.8,130.6,135.7,9.97576170140615
"1086","Saskatchewan",2017-06-01,27482,21402,6080,77.876428207554,22.123571792446,238.494,251.746,1.3298,148,130.6,133.9,9.97128637810056
"1087","Saskatchewan",2017-07-01,22261,17320,4941,77.8042316158304,22.1957683841696,238.904,251.985,1.2689,148.3,130.4,134.6,9.75967491717028
"1088","Saskatchewan",2017-08-01,25869,20548,5321,79.4309791642506,20.5690208357494,238.804,252.535,1.2605,148.6,131.4,136,9.93056755693987
"1089","Saskatchewan",2017-09-01,22751,18268,4483,80.2953716320162,19.7046283679838,238.852,252.812,1.2283,147.2,131.5,138.6,9.81296091333657
"1090","Saskatchewan",2017-10-01,27541,22272,5269,80.8685232925457,19.1314767074543,239.02,253.526,1.2605,146.5,132.4,138.2,10.0111304615515
"1091","Saskatchewan",2017-11-01,25912,20926,4986,80.7579499845631,19.2420500154369,238.94,253.816,1.2769,147.2,133,146.3,9.94879547024067
"1092","Saskatchewan",2017-12-01,26006,17292,8714,66.4923479197108,33.5076520802892,239.371,254.344,1.2771,146.3,132.6,142.6,9.75805707432592
"1093","Saskatchewan",2018-01-01,26118,18252,7866,69.8828394210889,30.1171605789111,239.854,255.204,1.2427,146.8,133,144.5,9.81208472906278
"1094","Saskatchewan",2018-02-01,25002,17159,7843,68.6305095592353,31.3694904407647,239.187,255.711,1.2586,146,133.6,142.5,9.75033637304195
"1095","Saskatchewan",2018-03-01,28126,21426,6700,76.1786247600085,23.8213752399915,239.149,256.271,1.2932,146.5,133.3,147.1,9.97240708800073
"1096","Saskatchewan",2018-04-01,26466,21423,5043,80.9453638630696,19.0546361369304,239.541,256.63,1.2733,147,133.5,152.7,9.97226706793095
"1097","Saskatchewan",2018-05-01,25990,21408,4582,82.3701423624471,17.6298576375529,238.884,257.145,1.2873,146.6,133.6,156.9,9.97156667334672
"1098","Saskatchewan",2018-06-01,33704,28686,5018,85.1115594588179,14.8884405411821,239.048,257.399,1.3129,146.6,133.1,156.8,10.2641993374571
"1099","Saskatchewan",2018-07-01,30905,27365,3540,88.5455427924284,11.4544572075716,239.565,257.699,1.313,147.4,133.5,158.1,10.2170566459398
"1100","Saskatchewan",2018-08-01,21595,19511,2084,90.349617967122,9.65038203287798,239.795,257.891,1.3041,147.1,133.2,156.4,9.87878493989576
"1101","Saskatchewan",2018-09-01,28877,26639,2238,92.2498874536829,7.75011254631714,239.967,258.368,1.3037,146.6,133,155.8,10.1901691246543
"1102","Saskatchewan",2018-10-01,31580,27509,4071,87.1089297023432,12.8910702976567,239.558,258.917,1.301,146.8,134.7,156,10.2223048539186
"1103","Saskatchewan",2018-11-01,35528,30919,4609,87.0271335284846,12.9728664715154,240.227,259.439,1.32,148.1,134.2,148.2,10.3391585027014
"1104","Saskatchewan",2018-12-01,39078,32985,6093,84.4081068631967,15.5918931368033,241.137,260.063,1.3432,149.5,134.2,139.8,10.4038385080081
"1105","Saskatchewan",2019-01-01,37323,28139,9184,75.3931891862926,24.6068108137074,241.581,260.766,1.3301,151.1,134.3,135.7,10.2449473306684
"1106","Saskatchewan",2019-02-01,29713,24023,5690,80.8501329384444,19.1498670615555,242.111,261.186,1.3206,151.3,135.2,140.5,10.0868086096632
"1107","Saskatchewan",2019-03-01,40022,34008,6014,84.9732647044126,15.0267352955874,242.482,261.567,1.3368,150.3,135.6,147.2,10.4343804744522
"1108","Saskatchewan",2019-04-01,56995,51577,5418,90.4939029739451,9.50609702605492,241.219,261.997,1.3378,150.1,136,161.4,10.8508505039647
"1109","Saskatchewan",2019-05-01,51901,43350,8551,83.5244022273174,16.4755977726826,241.642,262.217,1.3459,150.2,136.3,160.8,10.6770850499934
"1110","Saskatchewan",2019-06-01,51903,45770,6133,88.1837273375335,11.8162726624665,241.214,262.739,1.3287,151.3,136,154.1,10.7314059817813
"1111","Saskatchewan",2019-07-01,51685,47062,4623,91.0554319435039,8.94456805649608,240.988,263.28,1.3101,153.2,136.4,154.1,10.7592424086558
"1112","Saskatchewan",2019-08-01,33865,28391,5474,83.8358186918648,16.1641813081352,240.943,263.877,1.3277,151.8,136.3,149.9,10.2538626943263
"1113","Saskatchewan",2019-09-01,19468,17205,2263,88.3757961783439,11.6242038216561,241.409,264.388,1.3241,152.5,135.8,148.4,9.75301343918129
"1114","Saskatchewan",2019-10-01,26168,22609,3559,86.3994191378783,13.6005808621217,241.999,264.97,1.319,153.2,137,149.8,10.026147565272
"1115","Saskatchewan",2019-11-01,24903,21305,3598,85.5519415331486,14.4480584668514,242.726,265.548,1.3239,153.2,136.8,146.4,9.96674400217114
"1116","Saskatchewan",2019-12-01,22844,18643,4201,81.610050779198,18.389949220802,242.887,266.02,1.3172,153.5,135.5,148.1,9.83327965749263
"1117","Saskatchewan",2020-01-01,26135,20782,5353,79.5178878898029,20.4821121101971,243.511,266.716,1.3087,156.1,136.2,150,9.94189062381907
"1118","Saskatchewan",2020-02-01,26838,20154,6684,75.0950145316342,24.9049854683658,244.2,267.37,1.3286,154.8,137.3,147.3,9.91120767555127
"1119","Saskatchewan",2020-03-01,37323,29963,7360,80.2802561423251,19.7197438576749,245.017,267.054,1.3953,155.8,136.9,134.5,10.3077519400678
"1120","Saskatchewan",2020-04-01,32527,26117,6410,80.293294801242,19.706705198758,251.063,265.746,1.4058,154,136.8,122.7,10.1703800107804
"1121","Saskatchewan",2020-05-01,36474,27334,9140,74.9410539014092,25.0589460985908,253.23,265.412,1.397,155.6,136.9,134.4,10.2159232113291
"1122","Saskatchewan",2020-06-01,36897,30318,6579,82.1692820554517,17.8307179445483,254.674,265.849,1.355,156.4,137.6,141.4,10.3195298576821
"1123","Saskatchewan",2020-07-01,31506,27751,3755,88.0816352440805,11.9183647559195,252.003,267.389,1.3499,156.7,137.5,145.8,10.2310631886496
"1124","Saskatchewan",2020-08-01,29495,25891,3604,87.7809798270893,12.2190201729107,252.148,268.422,1.3222,155.3,137,145.3,10.1616893196654
"1125","Saskatchewan",2020-09-01,30373,26334,4039,86.7020050702927,13.2979949297073,251.166,268.933,1.3228,153.7,137.2,146.2,10.1786541319175
"1126","Saskatchewan",2020-10-01,35297,29162,6135,82.6189194549112,17.3810805450888,251.641,269.306,1.3215,154.9,138.1,144.4,10.2806560614892
"1127","Saskatchewan",2020-11-01,35451,31130,4321,87.8113452370878,12.1886547629122,251.365,269.981,1.3068,155.7,138.1,143,10.3459593862734
"1128","Saskatchewan",2020-12-01,32885,28178,4707,85.6864831990269,14.3135168009731,252.536,270.341,1.2808,154.3,137.3,144.2,10.2463322986626
"1129","Saskatchewan",2021-01-01,35479,29566,5913,83.3338030947885,16.6661969052115,252.541,270.387,1.2724,156.5,138.4,142.4,10.2944141535232
"1130","Saskatchewan",2021-02-01,31189,25051,6138,80.3199846099586,19.6800153900414,252.822,270.793,1.2699,157.3,138.5,147.2,10.1287089436453
"1131","Saskatchewan",2021-03-01,50167,41435,8732,82.594135587139,17.405864412861,252.933,271.459,1.2574,157.3,138.9,153.9,10.631905347178
"1132","Saskatchewan",2021-04-01,40965,35923,5042,87.6919321371903,12.3080678628097,254.125,273.66,1.2496,156.2,139.3,160,10.4891608747908
"1133","Saskatchewan",2021-05-01,38582,33902,4680,87.8699911876004,12.1300088123996,255.043,275.465,1.2126,158.6,138.6,159.8,10.4312587850283
"1134","Saskatchewan",2021-06-01,39756,34608,5148,87.0510111681256,12.9489888318744,257.058,277.651,1.2219,159.5,138.5,160.2,10.4518690428286
"1135","Saskatchewan",2021-07-01,35629,31472,4157,88.3325381009851,11.6674618990148,258.491,278.648,1.2529,159.3,139.4,163.6,10.3568853143996
"1136","Saskatchewan",2021-08-01,31311,28600,2711,91.3417009996487,8.65829900035131,259.613,278.997,1.2603,158.9,139.7,163.8,10.2611969612316
"1137","Saskatchewan",2021-09-01,40115,37447,2668,93.3491212763305,6.65087872366945,262.459,279.698,1.2671,160.6,140,164,10.5307085829799
"1138","Saskatchewan",2021-10-01,66792,61778,5014,92.4931129476584,7.5068870523416,265.084,281.668,1.2437,159.8,140.4,171.3,11.0313187798735
"1139","Saskatchewan",2021-11-01,100088,93540,6548,93.4577571736872,6.54224282631284,267.473,283.406,1.257,161.9,140.6,174.4,11.4461551218364
"1140","Saskatchewan",2021-12-01,126764,120053,6711,94.7059101953236,5.29408980467641,268.985,285.18,1.2794,162.1,140.3,165.5,11.6956969205445
"1141","Saskatchewan",2022-01-01,120210,109710,10500,91.2652857499376,8.73471425006239,271.176,286.757,1.2616,164.9,141.4,173.6,11.6056049147094
"1142","Saskatchewan",2022-02-01,147518,134303,13215,91.0417711736873,8.95822882631272,274.728,288.273,1.2716,167,141.9,180.8,11.8078611661333
"1143","Saskatchewan",2022-03-01,149574,137155,12419,91.69708639202,8.30291360798,278.333,289.056,1.2658,167.4,143.1,198.1,11.8288742431303
"1144","Saskatchewan",2022-04-01,128433,118219,10214,92.0472152795621,7.95278472043789,281.593,290.514,1.2628,168.5,144.1,198.2,11.6803025743784
"1145","Saskatchewan",2022-05-01,142622,133302,9320,93.4652437912804,6.53475620871955,285.522,292.063,1.2852,170,144.7,208.8,11.80038001154
"1146","Saskatchewan",2022-06-01,95486,89443,6043,93.6713235448129,6.32867645518715,288.568,294.05,1.2814,170.2,145.1,225.1,11.401368010108
"1147","Saskatchewan",2022-07-01,93422,86975,6447,93.0990558968979,6.90094410310205,292.455,295.088,1.2942,172.7,146.9,214.6,11.3733874975108
"1148","Saskatchewan",2022-08-01,76335,70616,5719,92.5080238422742,7.49197615772581,294.884,296.535,1.2922,174.4,146.8,190.4,11.1650261876964
"1149","Saskatchewan",2022-09-01,41033,37958,3075,92.5060317305583,7.49396826944167,296.403,298.226,1.3319,177.1,147.4,190.6,10.5442619088574
"1150","Saskatchewan",2022-10-01,48964,45198,3766,92.3086349154481,7.69136508455192,297.966,299.399,1.37,176.8,148.1,212.2,10.7188302416818
"1151","Saskatchewan",2022-11-01,58342,54969,3373,94.2185732405471,5.78142675945288,299.449,300.325,1.3449,178.6,148,199,10.9145428608547
"1152","Saskatchewan",2022-12-01,54250,49959,4291,92.0903225806452,7.90967741935484,300.576,301.394,1.3592,178.9,147.6,184.9,10.8189779642395
"1153","Saskatchewan",2023-01-01,63823,55382,8441,86.7743603403162,13.2256396596838,301.676,302.642,1.3422,181.8,147.9,190.4,10.9220279664387
"1154","Saskatchewan",2023-02-01,66135,58188,7947,87.9836697663869,12.0163302336131,302.444,304.123,1.345,182.6,148.9,189.6,10.9714516124197
"1155","Saskatchewan",2023-03-01,83018,62517,20501,75.3053554650799,24.6946445349201,301.467,305.147,1.3682,183.6,149.7,194.6,11.0432097942605
"1156","Saskatchewan",2023-04-01,76509,69529,6980,90.8768903004875,9.12310969951248,301.811,306.534,1.3485,183.8,151,202.6,11.1495135930931
"1157","Saskatchewan",2023-05-01,60434,54228,6206,89.7309461561373,10.2690538438627,302.184,307.652,1.352,184.8,151,201.4,10.9009710996872
"1158","Saskatchewan",2023-06-01,62464,55177,7287,88.3340804303279,11.6659195696721,302.057,308.322,1.3288,184.8,151,201.5,10.9183196020981
"1159","Saskatchewan",2023-07-01,76785,71024,5761,92.4972325323956,7.50276746760435,302.984,308.96,1.3215,185.9,151.8,199.1,11.1707872067224
"1160","Saskatchewan",2023-08-01,85091,81055,4036,95.2568426743134,4.74315732568662,303.631,309.58,1.3485,186.2,152,203.6,11.3028955528014
"1161","Saskatchewan",2023-09-01,68083,62662,5421,92.0376599151036,7.96234008489638,303.449,310.539,1.3535,186,151.6,203,11.0455264407939
"1162","Saskatchewan",2023-10-01,78700,72815,5885,92.5222363405337,7.47776365946633,304.366,311.457,1.3717,185.7,151.4,196.9,11.1956909902564
"1163","Saskatchewan",2023-11-01,135491,129666,5825,95.7008214567757,4.29917854322427,304.332,312.392,1.3709,187.1,151.7,190.7,11.7727249046233
"1164","Saskatchewan",2023-12-01,105279,97785,7494,92.8817712934203,7.11822870657966,304.505,313.195,1.3431,187.5,151.5,182.2,11.4905366964918
"1165","Saskatchewan",2024-01-01,95991,87295,8696,90.9408173682949,9.05918263170506,305.187,314.319,1.3425,189.5,151.7,173,11.3770599217631
"1166","Saskatchewan",2024-02-01,75309,65827,9482,87.4092073988501,12.5907926011499,305.432,315.564,1.3501,189.1,152,179,11.0948005587153
"1167","Saskatchewan",2024-03-01,96391,83554,12837,86.6823666109907,13.3176333890093,305.01,316.792,1.3539,188.6,152.4,188.2,11.3332603766375
"1168","Saskatchewan",2024-04-01,89868,78915,10953,87.8121244491922,12.1878755508079,305.354,317.649,1.3674,188.7,153,192.8,11.2761392746149
"1169","Saskatchewan",2024-05-01,76879,70389,6490,91.5581628273,8.44183717269996,305.414,318.095,1.367,191.1,153.7,190.7,11.1618064866022
"1170","Saskatchewan",2024-06-01,74497,67591,6906,90.729828046767,9.27017195323302,305.582,318.39,1.3707,191.6,153.8,189.4,11.1212449118327
"1171","Saskatchewan",2024-07-01,81839,75432,6407,92.1712142132724,7.8287857867276,306.285,318.94,1.3712,192.7,154.1,194.5,11.2310001240308
"1172","Saskatchewan",2024-08-01,100223,95016,5207,94.8045857737246,5.19541422627541,306.399,319.75,1.3652,192.2,153.6,197.9,11.4618111019419
"1173","Saskatchewan",2024-09-01,68522,62750,5772,91.5764280085228,8.42357199147719,307.258,320.732,1.3546,191.3,153.4,186.8,11.046929793122
"1174","Saskatchewan",2024-10-01,67554,60780,6774,89.9724664712674,10.0275335287326,307.867,321.731,1.3755,192.6,154.4,185.1,11.015032519116
"1175","Saskatchewan",2024-11-01,76252,70040,6212,91.8533284372869,8.14667156271311,309.093,322.657,1.3975,193.4,154.5,183.4,11.1568360638535
"1176","Saskatchewan",2024-12-01,78038,68128,9910,87.3010584586996,12.6989415413004,309.767,323.259,1.424,191.2,154.4,183.5,11.1291582458382
"1177","Saskatchewan",2025-01-01,82915,69661,13254,84.0149550744739,15.9850449255261,310.817,324.638,1.439,191.2,154.8,188.6,11.1514102543893
"1178","Saskatchewan",2025-02-01,72049,62426,9623,86.6438118502686,13.3561881497314,310.955,325.465,1.4301,194.2,156.1,192.5,11.0417531530809
"1179","Saskatchewan",2025-03-01,74731,60651,14080,81.1590906049698,18.8409093950302,312.154,325.69,1.4359,195.9,155.9,190.8,11.0129078899208
"1180","Saskatchewan",2025-04-01,59273,41563,17710,70.1213031228384,29.8786968771616,311.44,326.467,1.3988,197.4,156.9,174.3,10.6349896869725
"1181","Saskatchewan",2025-05-01,50617,40588,10029,80.1864986071873,19.8135013928127,312.296,326.893,1.386,197.8,157.4,173.1,10.6112523729195
"1182","Saskatchewan",2025-06-01,62991,52807,10184,83.8326110079218,16.1673889920782,312.982,327.658,1.3674,197.9,157.6,172.2,10.8744179733686
"1183","Saskatchewan",2025-07-01,67527,60953,6574,90.264634886786,9.73536511321397,313.035,328.682,1.3691,198.8,158.1,171.4,11.0178747603196
"1184","Saskatchewan",2025-08-01,64246,58540,5706,91.1185132148305,8.88148678516951,314.647,329.7,1.3802,199.6,158,174.2,10.9774826424368
"1185","Saskatchewan",2025-09-01,49288,44097,5191,89.4680246713196,10.5319753286804,315.54,330.418,1.3833,200.6,158,176,10.6941697089326
"1186","Saskatchewan",2025-10-01,97394,89774,7620,92.1761094112574,7.82389058874263,NA,NA,1.3992,200.7,159,169.2,11.4050618190943
"1187","Saskatchewan",2025-11-01,101887,93623,8264,91.8890535593353,8.11094644066466,315,331.043,1.4055,203.6,158.5,167.6,11.4470420398546
"1188","Saskatchewan",2025-12-01,61967,54032,7935,87.1947972307841,12.8052027692159,316.982,331.814,1.3802,203.7,158.7,162.1,10.8973502500052
